     Testing GridSim
      Status `C:\Users\boiko\AppData\Local\Temp\jl_vpWUlj\Project.toml`
  [38540f10] CommonSolve v0.2.14
  [86223c79] Graphs v1.15.0
  [eb5af87e] GridSim v0.1.0 `W:\Claude_projects\GridSim`
  [87dc4568] HiGHS v1.26.0
  [4076af6c] JuMP v1.31.2
  [22e9dc34] NetworkDynamics v1.3.0
  [8913a72c] NonlinearSolve v4.32.0
  [510215fc] Observables v0.5.5
  [1dea7af3] OrdinaryDiffEq v7.8.1
  [0bca4576] SciMLBase v3.56.1
  [37e2e46d] LinearAlgebra v1.12.0
  [44cfe95a] Pkg v1.12.1
  [de0858da] Printf v1.11.0
  [2f01184e] SparseArrays v1.12.0
  [fa267f1f] TOML v1.0.3
  [8dfed614] Test v1.11.0
      Status `C:\Users\boiko\AppData\Local\Temp\jl_vpWUlj\Manifest.toml`
  [47edcb42] ADTypes v1.24.0
  [14f7f29c] AMD v0.5.4
  [7d9f7c33] Accessors v0.1.45
  [79e6a3ab] Adapt v4.7.1
  [dce04be8] ArgCheck v2.5.0
  [ec485272] ArnoldiMethod v0.4.0
  [4fba245c] ArrayInterface v7.30.2
  [a9b6321e] Atomix v1.2.1
  [ab4f0b2a] BFloat16s v0.6.2
  [b2a6c25c] BinaryHeaps v1.1.0
  [62783981] BitTwiddlingConvenienceFunctions v0.1.6
  [70df07ce] BracketingNonlinearSolve v1.12.7
  [2a0fbf3d] CPUSummary v0.2.7
  [d360d2e6] ChainRulesCore v1.26.1
  [fb6a15b2] CloseOpenIntervals v0.1.13
  [523fee87] CodecBzip2 v0.8.5
  [944b1d66] CodecZlib v0.7.9
  [38540f10] CommonSolve v0.2.14
  [bbf7d656] CommonSubexpressions v0.3.1
  [f70d9fcc] CommonWorldInvalidations v1.2.2
  [34da2185] Compat v4.18.1
  [a33af91c] CompositionsBase v0.1.2
  [2569d6c7] ConcreteStructs v0.2.8
  [187b0558] ConstructionBase v1.6.0
  [adafc99b] CpuId v0.3.1
  [a8cc5b0e] Crayons v4.2.0
  [9a962f9c] DataAPI v1.16.0
  [864edb3b] DataStructures v0.19.6
  [e2d170a0] DataValueInterfaces v1.0.0
  [8bb1440f] DelimitedFiles v1.9.1
  [2b5f629d] DiffEqBase v7.21.2
  [459566f4] DiffEqCallbacks v4.19.4
  [163ba53b] DiffResults v1.1.0
  [b552c78f] DiffRules v1.16.0
  [a0c0ee7d] DifferentiationInterface v0.7.21
  [ffbed154] DocStringExtensions v0.9.5
  [4e289a0a] EnumX v1.0.7
  [f151be2c] EnzymeCore v0.8.21
  [e2ba6199] ExprTools v0.1.11
  [55351af7] ExproniconLite v0.10.14
  [7034ab61] FastBroadcast v1.4.0
  [9aa1b823] FastClosures v0.3.2
  [a4df4552] FastPower v1.5.0
  [1a297f60] FillArrays v1.17.1
  [64ca27bc] FindFirstFunctions v3.4.0
  [6a86dc24] FiniteDiff v2.33.0
  [f6369f11] ForwardDiff v1.4.6
  [069b7b12] FunctionWrappers v1.1.3
  [77dc65aa] FunctionWrappersWrappers v1.13.0
  [46192b85] GPUArraysCore v0.2.1
  [86223c79] Graphs v1.15.0
  [eb5af87e] GridSim v0.1.0 `W:\Claude_projects\GridSim`
  [076d061b] HashArrayMappedTries v0.2.0
  [87dc4568] HiGHS v1.26.0
  [e91730f6] Hungarian v0.7.0
  [615f187c] IfElse v0.1.1
  [d25df0c9] Inflate v0.1.5
  [3587e190] InverseFunctions v0.1.17
  [92d709cd] IrrationalConstants v0.2.6
  [82899510] IteratorInterfaceExtensions v1.0.0
  [692b3bcd] JLLWrappers v1.8.0
  [682c06a0] JSON v1.10.0
  [ae98c720] Jieko v0.2.1
  [4076af6c] JuMP v1.31.2
  [63c18a36] KernelAbstractions v0.9.43
  [ba0b0d4f] Krylov v0.10.10
  [2faa5264] LHLFactorization v2.2.2
  [b964fa9f] LaTeXStrings v1.4.1
  [10f19ff3] LayoutPointers v0.1.17
  [87fe0de2] LineSearch v0.1.19
  [7ed4a6bd] LinearSolve v5.18.1
  [2ab3a3ac] LogExpFunctions v1.0.2
  [e6f89c97] LoggingExtras v1.2.0
  [1914dd2f] MacroTools v0.5.16
  [d125e4d3] ManualMemory v0.1.8
  [8c4f8055] MathOptIIS v0.2.0
  [b8f27783] MathOptInterface v1.54.0
  [bb5d69b7] MaybeInplace v0.1.8
  [2a8e4939] Mixers v0.1.2
  [2e0e35c7] Moshi v0.3.13
  [46d2c3a1] MuladdMacro v0.2.7
  [d8a4904e] MutableArithmetics v1.8.1
  [872c559c] NNlib v0.9.45
  [77ba4419] NaNMath v1.1.4
  [22e9dc34] NetworkDynamics v1.3.0
  [8913a72c] NonlinearSolve v4.32.0
  [be0214bd] NonlinearSolveBase v2.54.0
  [5959db7a] NonlinearSolveFirstOrder v2.10.0
  [9a2c21bd] NonlinearSolveQuasiNewton v1.15.3
  [26075421] NonlinearSolveSpectralMethods v1.8.3
  [510215fc] Observables v0.5.5
  [bac558e1] OrderedCollections v2.0.1
  [1dea7af3] OrdinaryDiffEq v7.8.1
  [6ad6398a] OrdinaryDiffEqBDF v2.4.11
  [bbf590c4] OrdinaryDiffEqCore v4.18.0
  [50262376] OrdinaryDiffEqDefault v2.6.2
  [4302a76b] OrdinaryDiffEqDifferentiation v3.12.3
  [127b3ac7] OrdinaryDiffEqNonlinearSolve v2.9.8
  [43230ef6] OrdinaryDiffEqRosenbrock v2.7.4
  [b4bd8bb3] OrdinaryDiffEqRosenbrockTableaus v2.4.2
  [2d112036] OrdinaryDiffEqSDIRK v2.9.6
  [b1df2697] OrdinaryDiffEqTsit5 v2.1.4
  [79d7bb75] OrdinaryDiffEqVerner v2.4.1
  [69de0a69] Parsers v3.0.0
  [f517fe37] Polyester v0.7.19
  [1d0040c9] PolyesterWeave v0.2.2
  [d236fae5] PreallocationTools v1.7.1
  [aea7be01] PrecompileTools v1.3.4
  [21216c6a] Preferences v1.6.0
  [08abe8d2] PrettyTables v3.5.0
  [0c0d3e7f] PureKLU v1.6.0
  [3cdcf5f2] RecipesBase v1.3.4
  [731186ca] RecursiveArrayTools v4.5.3
  [189a3867] Reexport v1.2.2
  [ae029012] Requires v1.3.1
  [9fe22ead] RespecializeParams v1.3.0
  [7e49a35a] RuntimeGeneratedFunctions v0.5.27
  [94e857df] SIMDTypes v0.1.0
  [0bca4576] SciMLBase v3.56.1
  [19f34311] SciMLJacobianOperators v0.1.19
  [a6db7da4] SciMLLogging v2.1.0
  [c0aeaf25] SciMLOperators v1.30.1
  [431bcebd] SciMLPublic v1.3.0
  [53ae85a6] SciMLStructures v1.10.5
  [7e506255] ScopedValues v1.6.2
  [efcf1570] Setfield v1.1.2
  [727e6d20] SimpleNonlinearSolve v2.14.5
  [699a6c99] SimpleTraits v0.9.6
  [ed01d8cd] Sobol v1.5.0
  [a57abbd0] SparseColumnPivotedQR v2.1.8
  [9f842d2f] SparseConnectivityTracer v1.2.3
  [0a514795] SparseMatrixColorings v0.4.28
  [276daf66] SpecialFunctions v2.9.0
  [aedffcd0] Static v1.4.6
  [0d7ed370] StaticArrayInterface v1.10.0
  [90137ffa] StaticArrays v1.9.22
  [1e83bf80] StaticArraysCore v1.4.4
  [10745b16] Statistics v1.11.5
  [9672c7b4] SteadyStateDiffEq v2.18.0
  [7792a7ef] StrideArraysCore v0.5.9
  [892a3eda] StringManipulation v0.6.1
  [ec057cc2] StructUtils v2.9.2
  [2efcf032] SymbolicIndexingInterface v0.3.55
  [3783bdb8] TableTraits v1.0.1
  [bd369af6] Tables v1.14.0
  [8290d209] ThreadingUtilities v0.5.6
  [a759f4b9] TimerOutputs v1.2.2
  [3bb67fe8] TranscodingStreams v0.11.3
  [781d530d] TruncatedStacktraces v1.4.0
  [013be700] UnsafeAtomics v0.3.2
  [6e34b625] Bzip2_jll v1.0.9+0
  [8fd58aa0] HiGHS_jll v1.15.1+3
  [1d5cc7b8] IntelOpenMP_jll v2025.2.0+0
  [856f044c] MKL_jll v2025.2.0+0
  [656ef2d0] OpenBLAS32_jll v0.3.34+0
  [efe28fd5] OpenSpecFun_jll v0.5.6+0
  [1317d2d5] oneTBB_jll v2022.3.0+0
  [0dad84c5] ArgTools v1.1.2
  [56f22d72] Artifacts v1.11.0
  [2a0f44e3] Base64 v1.11.0
  [ade2ca70] Dates v1.11.0
  [8ba89e20] Distributed v1.11.0
  [f43a241f] Downloads v1.7.0
  [7b1f6079] FileWatching v1.11.0
  [9fa8497b] Future v1.11.0
  [b77e0a4c] InteractiveUtils v1.11.0
  [ac6e5ff7] JuliaSyntaxHighlighting v1.12.0
  [4af54fe1] LazyArtifacts v1.11.0
  [b27032c2] LibCURL v0.6.4
  [76f85450] LibGit2 v1.11.0
  [8f399da3] Libdl v1.11.0
  [37e2e46d] LinearAlgebra v1.12.0
  [56ddb016] Logging v1.11.0
  [d6f4376e] Markdown v1.11.0
  [a63ad114] Mmap v1.11.0
  [ca575930] NetworkOptions v1.3.0
  [44cfe95a] Pkg v1.12.1
  [de0858da] Printf v1.11.0
  [3fa0cd96] REPL v1.11.0
  [9a3f8284] Random v1.11.0
  [ea8e919c] SHA v0.7.0
  [9e88b42a] Serialization v1.11.0
  [6462fe0b] Sockets v1.11.0
  [2f01184e] SparseArrays v1.12.0
  [f489334b] StyledStrings v1.11.0
  [fa267f1f] TOML v1.0.3
  [a4e569a6] Tar v1.10.0
  [8dfed614] Test v1.11.0
  [cf7118a7] UUIDs v1.11.0
  [4ec0a83e] Unicode v1.11.0
  [e66e0078] CompilerSupportLibraries_jll v1.3.0+1
  [deac9b47] LibCURL_jll v8.15.0+0
  [e37daf67] LibGit2_jll v1.9.0+0
  [29816b5a] LibSSH2_jll v1.11.3+1
  [14a3606d] MozillaCACerts_jll v2025.11.4
  [4536629a] OpenBLAS_jll v0.3.29+0
  [05823500] OpenLibm_jll v0.8.7+0
  [458c3c95] OpenSSL_jll v3.5.4+0
  [bea87d4a] SuiteSparse_jll v7.8.3+2
  [83775a58] Zlib_jll v1.3.1+2
  [8e850b90] libblastrampoline_jll v5.15.0+0
  [8e850ede] nghttp2_jll v1.64.0+1
  [3f19e933] p7zip_jll v17.7.0+0
Precompiling for configuration --code-coverage=none --color=auto --check-bounds=yes --warn-overwrite=yes --depwarn=yes --inline=yes --startup-file=no --track-allocation=none
   8863.7 ms  ✓ GridSim
   9726.3 ms  ✓ GridSim → GridSimDispatchExt
  2 dependencies successfully precompiled in 25 seconds. 297 already precompiled.
     Testing Running tests...
┌ Warning: Verbosity toggle: dt_epsilon 
│  At t=9.999999999999831, dt was forced below floating point epsilon 1.7763568394002505e-15. Aborting. There is either an error in your model specification or the true solution is unstable (or it cannot be represented in Float64 precision).
└ @ DiffEqBase C:\Users\boiko\.julia\packages\DiffEqBase\wJ4a3\src\check_error.jl:37
┌ Warning: `u_modified!(i::DEIntegrator, bool)` is deprecated, use `derivative_discontinuity!(i, bool)` instead.
│   caller = top-level scope at m5_detailed.jl:15
└ @ Core W:\Claude_projects\GridSim\test\m5_detailed.jl:15
┌ Warning: `u_modified!(i::DEIntegrator, bool)` is deprecated, use `derivative_discontinuity!(i, bool)` instead.
│   caller = _reinitialise_algebraic!(eng::DetailedEngine{NetworkDynamics.Network{NetworkDynamics.SequentialExecution{true}, Graphs.SimpleGraphs.SimpleGraph{Int64}, NetworkDynamics.NetworkLayer{Graphs.SimpleGraphs.SimpleGraph{Int64}, Tuple{NetworkDynamics.ComponentBatch{NetworkDynamics.EdgeModel, Nothing, NetworkDynamics.AntiSymmetric{typeof(GridSim._branch_current!)}, NetworkDynamics.PureFeedForward, Static.StaticInt{0}, Static.StaticInt{2}, @NamedTuple{src::Static.StaticInt{2}, dst::Static.StaticInt{2}}, @NamedTuple{src::Static.StaticInt{2}, dst::Static.StaticInt{2}}, Static.StaticInt{0}, Vector{Int64}}}, NetworkDynamics.SequentialAggregator{typeof(+)}}, Tuple{NetworkDynamics.ComponentBatch{NetworkDynamics.VertexModel, typeof(GridSim._detailed_machine_bus!), NetworkDynamics.StateMask{2, UnitRange{Int64}}, NetworkDynamics.PureStateMap, Static.StaticInt{8}, Static.StaticInt{27}, Static.StaticInt{2}, Static.StaticInt{2}, Static.StaticInt{0}, Vector{Int64}}, NetworkDynamics.ComponentBatch{NetworkDynamics.VertexModel, typeof(GridSim._detailed_passive_bus!), NetworkDynamics.StateMask{2, UnitRange{Int64}}, NetworkDynamics.PureStateMap, Static.StaticInt{2}, Static.StaticInt{4}, Static.StaticInt{2}, Static.StaticInt{2}, Static.StaticInt{0}, Vector{Int64}}}, LinearAlgebra.Diagonal{Float64, Vector{Float64}}, PreallocationTools.DiffCache{Vector{Float64}, Vector{Float64}}, NetworkDynamics.EagerGBufProvider{Vector{Int64}, PreallocationTools.DiffCache{Vector{Float64}, Vector{Float64}}}, Nothing, Nothing}, NetworkDynamics.Network{NetworkDynamics.SequentialExecution{true}, Graphs.SimpleGraphs.SimpleGraph{Int64}, NetworkDynamics.NetworkLayer{Graphs.SimpleGraphs.SimpleGraph{Int64}, Tuple{NetworkDynamics.ComponentBatch{NetworkDynamics.EdgeModel, Nothing, NetworkDynamics.AntiSymmetric{typeof(GridSim._branch_current!)}, NetworkDynamics.PureFeedForward, Static.StaticInt{0}, Static.StaticInt{2}, @NamedTuple{src::Static.StaticInt{2}, dst::Static.StaticInt{2}}, @NamedTuple{src::Static.StaticInt{2}, dst::Static.StaticInt{2}}, Static.StaticInt{0}, Vector{Int64}}}, NetworkDynamics.SequentialAggregator{typeof(+)}}, Tuple{NetworkDynamics.ComponentBatch{NetworkDynamics.VertexModel, typeof(GridSim._static_machine_bus!), NetworkDynamics.StateMask{2, UnitRange{Int64}}, NetworkDynamics.PureStateMap, Static.StaticInt{3}, Static.StaticInt{15}, Static.StaticInt{2}, Static.StaticInt{2}, Static.StaticInt{0}, Vector{Int64}}, NetworkDynamics.ComponentBatch{NetworkDynamics.VertexModel, typeof(GridSim._detailed_passive_bus!), NetworkDynamics.StateMask{2, UnitRange{Int64}}, NetworkDynamics.PureStateMap, Static.StaticInt{2}, Static.StaticInt{4}, Static.StaticInt{2}, Static.StaticInt{2}, Static.StaticInt{0}, Vector{Int64}}}, LinearAlgebra.Diagonal{Float64, Vector{Float64}}, PreallocationTools.DiffCache{Vector{Float64}, Vector{Float64}}, NetworkDynamics.EagerGBufProvider{Vector{Int64}, PreallocationTools.DiffCache{Vector{Float64}, Vector{Float64}}}, Nothing, Nothing}, OrdinaryDiffEqCore.ODEIntegrator{OrdinaryDiffEqRosenbrock.Rodas5P{ADTypes.AutoForwardDiff{1, ForwardDiff.Tag{DiffEqBase.OrdinaryDiffEqTag, Float64}}, Nothing, typeof(OrdinaryDiffEqCore.trivial_limiter!), typeof(OrdinaryDiffEqCore.trivial_limiter!), Nothing}, true, Vector{Float64}, Nothing, Float64, Vector{Float64}, Float64, Float64, Vector{Vector{Float64}}, SciMLBase.ODESolution{Float64, 2, Vector{Vector{Float64}}, Nothing, Nothing, Vector{Float64}, Vector{Vector{Vector{Float64}}}, SymbolicIndexingInterface.ParameterTimeseriesCollection{Tuple{RecursiveArrayTools.DiffEqArray{Float64, 2, Vector{Vector{Float64}}, Vector{Float64}, Nothing, SymbolicIndexingInterface.SymbolCache{Nothing, Nothing, Nothing, Vector{Any}, Dict{Any, Any}}, Nothing, Nothing}}, Vector{Float64}}, SciMLBase.ODEProblem{Vector{Float64}, Tuple{Float64, Float64}, true, Vector{Float64}, SciMLBase.ODEFunction{true, SciMLBase.AutoSpecialize, FunctionWrappersWrappers.FunctionWrappersWrapper{Tuple{FunctionWrappers.FunctionWrapper{Nothing, Tuple{Vector{Float64}, Vector{Float64}, Vector{Float64}, Float64}}, FunctionWrappers.FunctionWrapper{Nothing, Tuple{Vector{ForwardDiff.Dual{ForwardDiff.Tag{DiffEqBase.OrdinaryDiffEqTag, Float64}, Float64, 1}}, Vector{ForwardDiff.Dual{ForwardDiff.Tag{DiffEqBase.OrdinaryDiffEqTag, Float64}, Float64, 1}}, Vector{Float64}, Float64}}, FunctionWrappers.FunctionWrapper{Nothing, Tuple{Vector{ForwardDiff.Dual{ForwardDiff.Tag{DiffEqBase.OrdinaryDiffEqTag, Float64}, Float64, 1}}, Vector{Float64}, Vector{Float64}, ForwardDiff.Dual{ForwardDiff.Tag{DiffEqBase.OrdinaryDiffEqTag, Float64}, Float64, 1}}}, FunctionWrappers.FunctionWrapper{Nothing, Tuple{Vector{ForwardDiff.Dual{ForwardDiff.Tag{DiffEqBase.OrdinaryDiffEqTag, Float64}, Float64, 1}}, Vector{ForwardDiff.Dual{ForwardDiff.Tag{DiffEqBase.OrdinaryDiffEqTag, Float64}, Float64, 1}}, Vector{Float64}, ForwardDiff.Dual{ForwardDiff.Tag{DiffEqBase.OrdinaryDiffEqTag, Float64}, Float64, 1}}}}, FunctionWrappersWrappers.AllowNonIsBits, FunctionWrappersWrappers.SingleCacheStorage}, LinearAlgebra.Diagonal{Float64, Vector{Float64}}, Nothing, Nothing, Nothing, Nothing, Nothing, Nothing, Nothing, Nothing, Nothing, Nothing, Nothing, Nothing, typeof(SciMLBase.DEFAULT_OBSERVED), Nothing, NetworkDynamics.Network{NetworkDynamics.SequentialExecution{true}, Graphs.SimpleGraphs.SimpleGraph{Int64}, NetworkDynamics.NetworkLayer{Graphs.SimpleGraphs.SimpleGraph{Int64}, Tuple{NetworkDynamics.ComponentBatch{NetworkDynamics.EdgeModel, Nothing, NetworkDynamics.AntiSymmetric{typeof(GridSim._branch_current!)}, NetworkDynamics.PureFeedForward, Static.StaticInt{0}, Static.StaticInt{2}, @NamedTuple{src::Static.StaticInt{2}, dst::Static.StaticInt{2}}, @NamedTuple{src::Static.StaticInt{2}, dst::Static.StaticInt{2}}, Static.StaticInt{0}, Vector{Int64}}}, NetworkDynamics.SequentialAggregator{typeof(+)}}, Tuple{NetworkDynamics.ComponentBatch{NetworkDynamics.VertexModel, typeof(GridSim._detailed_machine_bus!), NetworkDynamics.StateMask{2, UnitRange{Int64}}, NetworkDynamics.PureStateMap, Static.StaticInt{8}, Static.StaticInt{27}, Static.StaticInt{2}, Static.StaticInt{2}, Static.StaticInt{0}, Vector{Int64}}, NetworkDynamics.ComponentBatch{NetworkDynamics.VertexModel, typeof(GridSim._detailed_passive_bus!), NetworkDynamics.StateMask{2, UnitRange{Int64}}, NetworkDynamics.PureStateMap, Static.StaticInt{2}, Static.StaticInt{4}, Static.StaticInt{2}, Static.StaticInt{2}, Static.StaticInt{0}, Vector{Int64}}}, LinearAlgebra.Diagonal{Float64, Vector{Float64}}, PreallocationTools.DiffCache{Vector{Float64}, Vector{Float64}}, NetworkDynamics.EagerGBufProvider{Vector{Int64}, PreallocationTools.DiffCache{Vector{Float64}, Vector{Float64}}}, Nothing, Nothing}, Nothing, Nothing}, Base.Pairs{Symbol, Any, Nothing, @NamedTuple{callback::SciMLBase.CallbackSet{Vector{Any}, Vector{Any}}, initializealg::DiffEqBase.BrownFullBasicInit{Float64, Nothing}}}, SciMLBase.StandardODEProblem}, OrdinaryDiffEqRosenbrock.Rodas5P{ADTypes.AutoForwardDiff{1, ForwardDiff.Tag{DiffEqBase.OrdinaryDiffEqTag, Float64}}, Nothing, typeof(OrdinaryDiffEqCore.trivial_limiter!), typeof(OrdinaryDiffEqCore.trivial_limiter!), Nothing}, OrdinaryDiffEqCore.InterpolationData{SciMLBase.ODEFunction{true, SciMLBase.AutoSpecialize, FunctionWrappersWrappers.FunctionWrappersWrapper{Tuple{FunctionWrappers.FunctionWrapper{Nothing, Tuple{Vector{Float64}, Vector{Float64}, Vector{Float64}, Float64}}, FunctionWrappers.FunctionWrapper{Nothing, Tuple{Vector{ForwardDiff.Dual{ForwardDiff.Tag{DiffEqBase.OrdinaryDiffEqTag, Float64}, Float64, 1}}, Vector{ForwardDiff.Dual{ForwardDiff.Tag{DiffEqBase.OrdinaryDiffEqTag, Float64}, Float64, 1}}, Vector{Float64}, Float64}}, FunctionWrappers.FunctionWrapper{Nothing, Tuple{Vector{ForwardDiff.Dual{ForwardDiff.Tag{DiffEqBase.OrdinaryDiffEqTag, Float64}, Float64, 1}}, Vector{Float64}, Vector{Float64}, ForwardDiff.Dual{ForwardDiff.Tag{DiffEqBase.OrdinaryDiffEqTag, Float64}, Float64, 1}}}, FunctionWrappers.FunctionWrapper{Nothing, Tuple{Vector{ForwardDiff.Dual{ForwardDiff.Tag{DiffEqBase.OrdinaryDiffEqTag, Float64}, Float64, 1}}, Vector{ForwardDiff.Dual{ForwardDiff.Tag{DiffEqBase.OrdinaryDiffEqTag, Float64}, Float64, 1}}, Vector{Float64}, ForwardDiff.Dual{ForwardDiff.Tag{DiffEqBase.OrdinaryDiffEqTag, Float64}, Float64, 1}}}}, FunctionWrappersWrappers.AllowNonIsBits, FunctionWrappersWrappers.SingleCacheStorage}, LinearAlgebra.Diagonal{Float64, Vector{Float64}}, Nothing, Nothing, Nothing, Nothing, Nothing, Nothing, Nothing, Nothing, Nothing, Nothing, Nothing, Nothing, typeof(SciMLBase.DEFAULT_OBSERVED), Nothing, NetworkDynamics.Network{NetworkDynamics.SequentialExecution{true}, Graphs.SimpleGraphs.SimpleGraph{Int64}, NetworkDynamics.NetworkLayer{Graphs.SimpleGraphs.SimpleGraph{Int64}, Tuple{NetworkDynamics.ComponentBatch{NetworkDynamics.EdgeModel, Nothing, NetworkDynamics.AntiSymmetric{typeof(GridSim._branch_current!)}, NetworkDynamics.PureFeedForward, Static.StaticInt{0}, Static.StaticInt{2}, @NamedTuple{src::Static.StaticInt{2}, dst::Static.StaticInt{2}}, @NamedTuple{src::Static.StaticInt{2}, dst::Static.StaticInt{2}}, Static.StaticInt{0}, Vector{Int64}}}, NetworkDynamics.SequentialAggregator{typeof(+)}}, Tuple{NetworkDynamics.ComponentBatch{NetworkDynamics.VertexModel, typeof(GridSim._detailed_machine_bus!), NetworkDynamics.StateMask{2, UnitRange{Int64}}, NetworkDynamics.PureStateMap, Static.StaticInt{8}, Static.StaticInt{27}, Static.StaticInt{2}, Static.StaticInt{2}, Static.StaticInt{0}, Vector{Int64}}, NetworkDynamics.ComponentBatch{NetworkDynamics.VertexModel, typeof(GridSim._detailed_passive_bus!), NetworkDynamics.StateMask{2, UnitRange{Int64}}, NetworkDynamics.PureStateMap, Static.StaticInt{2}, Static.StaticInt{4}, Static.StaticInt{2}, Static.StaticInt{2}, Static.StaticInt{0}, Vector{Int64}}}, LinearAlgebra.Diagonal{Float64, Vector{Float64}}, PreallocationTools.DiffCache{Vector{Float64}, Vector{Float64}}, NetworkDynamics.EagerGBufProvider{Vector{Int64}, PreallocationTools.DiffCache{Vector{Float64}, Vector{Float64}}}, Nothing, Nothing}, Nothing, Nothing}, Vector{Vector{Float64}}, Vector{Float64}, Vector{Vector{Vector{Float64}}}, Nothing, OrdinaryDiffEqRosenbrock.RosenbrockCache{Vector{Float64}, Vector{Float64}, Float64, Vector{Float64}, Matrix{Float64}, Matrix{Float64}, OrdinaryDiffEqRosenbrockTableaus.RodasTableau{Float64, Float64, Vector{Float64}}, SciMLBase.TimeGradientWrapper{true, SciMLBase.ODEFunction{true, SciMLBase.AutoSpecialize, FunctionWrappersWrappers.FunctionWrappersWrapper{Tuple{FunctionWrappers.FunctionWrapper{Nothing, Tuple{Vector{Float64}, Vector{Float64}, Vector{Float64}, Float64}}, FunctionWrappers.FunctionWrapper{Nothing, Tuple{Vector{ForwardDiff.Dual{ForwardDiff.Tag{DiffEqBase.OrdinaryDiffEqTag, Float64}, Float64, 1}}, Vector{ForwardDiff.Dual{ForwardDiff.Tag{DiffEqBase.OrdinaryDiffEqTag, Float64}, Float64, 1}}, Vector{Float64}, Float64}}, FunctionWrappers.FunctionWrapper{Nothing, Tuple{Vector{ForwardDiff.Dual{ForwardDiff.Tag{DiffEqBase.OrdinaryDiffEqTag, Float64}, Float64, 1}}, Vector{Float64}, Vector{Float64}, ForwardDiff.Dual{ForwardDiff.Tag{DiffEqBase.OrdinaryDiffEqTag, Float64}, Float64, 1}}}, FunctionWrappers.FunctionWrapper{Nothing, Tuple{Vector{ForwardDiff.Dual{ForwardDiff.Tag{DiffEqBase.OrdinaryDiffEqTag, Float64}, Float64, 1}}, Vector{ForwardDiff.Dual{ForwardDiff.Tag{DiffEqBase.OrdinaryDiffEqTag, Float64}, Float64, 1}}, Vector{Float64}, ForwardDiff.Dual{ForwardDiff.Tag{DiffEqBase.OrdinaryDiffEqTag, Float64}, Float64, 1}}}}, FunctionWrappersWrappers.AllowNonIsBits, FunctionWrappersWrappers.SingleCacheStorage}, LinearAlgebra.Diagonal{Float64, Vector{Float64}}, Nothing, Nothing, Nothing, Nothing, Nothing, Nothing, Nothing, Nothing, Nothing, Nothing, Nothing, Nothing, typeof(SciMLBase.DEFAULT_OBSERVED), Nothing, NetworkDynamics.Network{NetworkDynamics.SequentialExecution{true}, Graphs.SimpleGraphs.SimpleGraph{Int64}, NetworkDynamics.NetworkLayer{Graphs.SimpleGraphs.SimpleGraph{Int64}, Tuple{NetworkDynamics.ComponentBatch{NetworkDynamics.EdgeModel, Nothing, NetworkDynamics.AntiSymmetric{typeof(GridSim._branch_current!)}, NetworkDynamics.PureFeedForward, Static.StaticInt{0}, Static.StaticInt{2}, @NamedTuple{src::Static.StaticInt{2}, dst::Static.StaticInt{2}}, @NamedTuple{src::Static.StaticInt{2}, dst::Static.StaticInt{2}}, Static.StaticInt{0}, Vector{Int64}}}, NetworkDynamics.SequentialAggregator{typeof(+)}}, Tuple{NetworkDynamics.ComponentBatch{NetworkDynamics.VertexModel, typeof(GridSim._detailed_machine_bus!), NetworkDynamics.StateMask{2, UnitRange{Int64}}, NetworkDynamics.PureStateMap, Static.StaticInt{8}, Static.StaticInt{27}, Static.StaticInt{2}, Static.StaticInt{2}, Static.StaticInt{0}, Vector{Int64}}, NetworkDynamics.ComponentBatch{NetworkDynamics.VertexModel, typeof(GridSim._detailed_passive_bus!), NetworkDynamics.StateMask{2, UnitRange{Int64}}, NetworkDynamics.PureStateMap, Static.StaticInt{2}, Static.StaticInt{4}, Static.StaticInt{2}, Static.StaticInt{2}, Static.StaticInt{0}, Vector{Int64}}}, LinearAlgebra.Diagonal{Float64, Vector{Float64}}, PreallocationTools.DiffCache{Vector{Float64}, Vector{Float64}}, NetworkDynamics.EagerGBufProvider{Vector{Int64}, PreallocationTools.DiffCache{Vector{Float64}, Vector{Float64}}}, Nothing, Nothing}, Nothing, Nothing}, Vector{Float64}, Vector{Float64}}, SciMLBase.UJacobianWrapper{true, SciMLBase.ODEFunction{true, SciMLBase.AutoSpecialize, FunctionWrappersWrappers.FunctionWrappersWrapper{Tuple{FunctionWrappers.FunctionWrapper{Nothing, Tuple{Vector{Float64}, Vector{Float64}, Vector{Float64}, Float64}}, FunctionWrappers.FunctionWrapper{Nothing, Tuple{Vector{ForwardDiff.Dual{ForwardDiff.Tag{DiffEqBase.OrdinaryDiffEqTag, Float64}, Float64, 1}}, Vector{ForwardDiff.Dual{ForwardDiff.Tag{DiffEqBase.OrdinaryDiffEqTag, Float64}, Float64, 1}}, Vector{Float64}, Float64}}, FunctionWrappers.FunctionWrapper{Nothing, Tuple{Vector{ForwardDiff.Dual{ForwardDiff.Tag{DiffEqBase.OrdinaryDiffEqTag, Float64}, Float64, 1}}, Vector{Float64}, Vector{Float64}, ForwardDiff.Dual{ForwardDiff.Tag{DiffEqBase.OrdinaryDiffEqTag, Float64}, Float64, 1}}}, FunctionWrappers.FunctionWrapper{Nothing, Tuple{Vector{ForwardDiff.Dual{ForwardDiff.Tag{DiffEqBase.OrdinaryDiffEqTag, Float64}, Float64, 1}}, Vector{ForwardDiff.Dual{ForwardDiff.Tag{DiffEqBase.OrdinaryDiffEqTag, Float64}, Float64, 1}}, Vector{Float64}, ForwardDiff.Dual{ForwardDiff.Tag{DiffEqBase.OrdinaryDiffEqTag, Float64}, Float64, 1}}}}, FunctionWrappersWrappers.AllowNonIsBits, FunctionWrappersWrappers.SingleCacheStorage}, LinearAlgebra.Diagonal{Float64, Vector{Float64}}, Nothing, Nothing, Nothing, Nothing, Nothing, Nothing, Nothing, Nothing, Nothing, Nothing, Nothing, Nothing, typeof(SciMLBase.DEFAULT_OBSERVED), Nothing, NetworkDynamics.Network{NetworkDynamics.SequentialExecution{true}, Graphs.SimpleGraphs.SimpleGraph{Int64}, NetworkDynamics.NetworkLayer{Graphs.SimpleGraphs.SimpleGraph{Int64}, Tuple{NetworkDynamics.ComponentBatch{NetworkDynamics.EdgeModel, Nothing, NetworkDynamics.AntiSymmetric{typeof(GridSim._branch_current!)}, NetworkDynamics.PureFeedForward, Static.StaticInt{0}, Static.StaticInt{2}, @NamedTuple{src::Static.StaticInt{2}, dst::Static.StaticInt{2}}, @NamedTuple{src::Static.StaticInt{2}, dst::Static.StaticInt{2}}, Static.StaticInt{0}, Vector{Int64}}}, NetworkDynamics.SequentialAggregator{typeof(+)}}, Tuple{NetworkDynamics.ComponentBatch{NetworkDynamics.VertexModel, typeof(GridSim._detailed_machine_bus!), NetworkDynamics.StateMask{2, UnitRange{Int64}}, NetworkDynamics.PureStateMap, Static.StaticInt{8}, Static.StaticInt{27}, Static.StaticInt{2}, Static.StaticInt{2}, Static.StaticInt{0}, Vector{Int64}}, NetworkDynamics.ComponentBatch{NetworkDynamics.VertexModel, typeof(GridSim._detailed_passive_bus!), NetworkDynamics.StateMask{2, UnitRange{Int64}}, NetworkDynamics.PureStateMap, Static.StaticInt{2}, Static.StaticInt{4}, Static.StaticInt{2}, Static.StaticInt{2}, Static.StaticInt{0}, Vector{Int64}}}, LinearAlgebra.Diagonal{Float64, Vector{Float64}}, PreallocationTools.DiffCache{Vector{Float64}, Vector{Float64}}, NetworkDynamics.EagerGBufProvider{Vector{Int64}, PreallocationTools.DiffCache{Vector{Float64}, Vector{Float64}}}, Nothing, Nothing}, Nothing, Nothing}, Float64, Vector{Float64}}, LinearSolve.LinearCache{Matrix{Float64}, Vector{Float64}, Vector{Float64}, Tuple{Nothing, Vector{Float64}, Vector{Float64}, Float64}, LinearSolve.DefaultLinearSolver, LinearSolve.DefaultLinearSolverInit{LinearAlgebra.LU{Float64, Matrix{Float64}, Vector{Int64}}, LinearAlgebra.QRCompactWY{Float64, Matrix{Float64}, Matrix{Float64}}, Nothing, Nothing, Nothing, Nothing, Nothing, Nothing, LinearSolve._GenericLUFactorizationCache{LinearAlgebra.LU{Float64, Matrix{Float64}, Vector{Int64}}, Vector{Int64}, Vector{Float64}}, Tuple{LinearAlgebra.LU{Float64, Matrix{Float64}, Vector{Int64}}, Vector{Int64}}, Nothing, Nothing, Nothing, LinearAlgebra.SVD{Float64, Float64, Matrix{Float64}, Vector{Float64}}, LinearAlgebra.Cholesky{Float64, Matrix{Float64}}, LinearAlgebra.Cholesky{Float64, Matrix{Float64}}, LinearSolve.AppleAccelerateLUCache{Matrix{Float64}, Vector{Int32}, Base.RefValue{Int32}}, Tuple{LinearAlgebra.LU{Float64, Matrix{Float64}, Vector{Int64}}, Base.RefValue{Int64}}, LinearAlgebra.QRPivoted{Float64, Matrix{Float64}, Vector{Float64}, Vector{Int64}}, Nothing, Nothing, Nothing, Nothing, Nothing, Nothing, Nothing, Matrix{Float64}, Vector{Float64}, Nothing}, SciMLOperators.IdentityOperator, SciMLOperators.IdentityOperator, Float64, LinearSolve.LinearVerbosity{true}, Bool, LinearSolve.LinearSolveAdjoint{Missing, Missing, Missing}, Nothing}, Tuple{DifferentiationInterfaceForwardDiffExt.ForwardDiffTwoArgJacobianPrep{Nothing, ForwardDiff.JacobianConfig{ForwardDiff.Tag{DiffEqBase.OrdinaryDiffEqTag, Float64}, Float64, 1, Tuple{Vector{ForwardDiff.Dual{ForwardDiff.Tag{DiffEqBase.OrdinaryDiffEqTag, Float64}, Float64, 1}}, Vector{ForwardDiff.Dual{ForwardDiff.Tag{DiffEqBase.OrdinaryDiffEqTag, Float64}, Float64, 1}}}}, Tuple{}}, DifferentiationInterfaceForwardDiffExt.ForwardDiffTwoArgJacobianPrep{Nothing, ForwardDiff.JacobianConfig{ForwardDiff.Tag{DiffEqBase.OrdinaryDiffEqTag, Float64}, Float64, 1, Tuple{Vector{ForwardDiff.Dual{ForwardDiff.Tag{DiffEqBase.OrdinaryDiffEqTag, Float64}, Float64, 1}}, Vector{ForwardDiff.Dual{ForwardDiff.Tag{DiffEqBase.OrdinaryDiffEqTag, Float64}, Float64, 1}}}}, Tuple{}}}, Tuple{DifferentiationInterfaceForwardDiffExt.ForwardDiffTwoArgDerivativePrep{Tuple{SciMLBase.TimeGradientWrapper{true, SciMLBase.ODEFunction{true, SciMLBase.AutoSpecialize, FunctionWrappersWrappers.FunctionWrappersWrapper{Tuple{FunctionWrappers.FunctionWrapper{Nothing, Tuple{Vector{Float64}, Vector{Float64}, Vector{Float64}, Float64}}, FunctionWrappers.FunctionWrapper{Nothing, Tuple{Vector{ForwardDiff.Dual{ForwardDiff.Tag{DiffEqBase.OrdinaryDiffEqTag, Float64}, Float64, 1}}, Vector{ForwardDiff.Dual{ForwardDiff.Tag{DiffEqBase.OrdinaryDiffEqTag, Float64}, Float64, 1}}, Vector{Float64}, Float64}}, FunctionWrappers.FunctionWrapper{Nothing, Tuple{Vector{ForwardDiff.Dual{ForwardDiff.Tag{DiffEqBase.OrdinaryDiffEqTag, Float64}, Float64, 1}}, Vector{Float64}, Vector{Float64}, ForwardDiff.Dual{ForwardDiff.Tag{DiffEqBase.OrdinaryDiffEqTag, Float64}, Float64, 1}}}, FunctionWrappers.FunctionWrapper{Nothing, Tuple{Vector{ForwardDiff.Dual{ForwardDiff.Tag{DiffEqBase.OrdinaryDiffEqTag, Float64}, Float64, 1}}, Vector{ForwardDiff.Dual{ForwardDiff.Tag{DiffEqBase.OrdinaryDiffEqTag, Float64}, Float64, 1}}, Vector{Float64}, ForwardDiff.Dual{ForwardDiff.Tag{DiffEqBase.OrdinaryDiffEqTag, Float64}, Float64, 1}}}}, FunctionWrappersWrappers.AllowNonIsBits, FunctionWrappersWrappers.SingleCacheStorage}, LinearAlgebra.Diagonal{Float64, Vector{Float64}}, Nothing, Nothing, Nothing, Nothing, Nothing, Nothing, Nothing, Nothing, Nothing, Nothing, Nothing, Nothing, typeof(SciMLBase.DEFAULT_OBSERVED), Nothing, NetworkDynamics.Network{NetworkDynamics.SequentialExecution{true}, Graphs.SimpleGraphs.SimpleGraph{Int64}, NetworkDynamics.NetworkLayer{Graphs.SimpleGraphs.SimpleGraph{Int64}, Tuple{NetworkDynamics.ComponentBatch{NetworkDynamics.EdgeModel, Nothing, NetworkDynamics.AntiSymmetric{typeof(GridSim._branch_current!)}, NetworkDynamics.PureFeedForward, Static.StaticInt{0}, Static.StaticInt{2}, @NamedTuple{src::Static.StaticInt{2}, dst::Static.StaticInt{2}}, @NamedTuple{src::Static.StaticInt{2}, dst::Static.StaticInt{2}}, Static.StaticInt{0}, Vector{Int64}}}, NetworkDynamics.SequentialAggregator{typeof(+)}}, Tuple{NetworkDynamics.ComponentBatch{NetworkDynamics.VertexModel, typeof(GridSim._detailed_machine_bus!), NetworkDynamics.StateMask{2, UnitRange{Int64}}, NetworkDynamics.PureStateMap, Static.StaticInt{8}, Static.StaticInt{27}, Static.StaticInt{2}, Static.StaticInt{2}, Static.StaticInt{0}, Vector{Int64}}, NetworkDynamics.ComponentBatch{NetworkDynamics.VertexModel, typeof(GridSim._detailed_passive_bus!), NetworkDynamics.StateMask{2, UnitRange{Int64}}, NetworkDynamics.PureStateMap, Static.StaticInt{2}, Static.StaticInt{4}, Static.StaticInt{2}, Static.StaticInt{2}, Static.StaticInt{0}, Vector{Int64}}}, LinearAlgebra.Diagonal{Float64, Vector{Float64}}, PreallocationTools.DiffCache{Vector{Float64}, Vector{Float64}}, NetworkDynamics.EagerGBufProvider{Vector{Int64}, PreallocationTools.DiffCache{Vector{Float64}, Vector{Float64}}}, Nothing, Nothing}, Nothing, Nothing}, Vector{Float64}, Vector{Float64}}, Vector{Float64}, ADTypes.AutoForwardDiff{1, ForwardDiff.Tag{DiffEqBase.OrdinaryDiffEqTag, Float64}}, Float64, Tuple{}}, Float64, ForwardDiff.DerivativeConfig{ForwardDiff.Tag{DiffEqBase.OrdinaryDiffEqTag, Float64}, Vector{ForwardDiff.Dual{ForwardDiff.Tag{DiffEqBase.OrdinaryDiffEqTag, Float64}, Float64, 1}}}, Tuple{}}, DifferentiationInterfaceForwardDiffExt.ForwardDiffTwoArgDerivativePrep{Tuple{SciMLBase.TimeGradientWrapper{true, SciMLBase.ODEFunction{true, SciMLBase.AutoSpecialize, FunctionWrappersWrappers.FunctionWrappersWrapper{Tuple{FunctionWrappers.FunctionWrapper{Nothing, Tuple{Vector{Float64}, Vector{Float64}, Vector{Float64}, Float64}}, FunctionWrappers.FunctionWrapper{Nothing, Tuple{Vector{ForwardDiff.Dual{ForwardDiff.Tag{DiffEqBase.OrdinaryDiffEqTag, Float64}, Float64, 1}}, Vector{ForwardDiff.Dual{ForwardDiff.Tag{DiffEqBase.OrdinaryDiffEqTag, Float64}, Float64, 1}}, Vector{Float64}, Float64}}, FunctionWrappers.FunctionWrapper{Nothing, Tuple{Vector{ForwardDiff.Dual{ForwardDiff.Tag{DiffEqBase.OrdinaryDiffEqTag, Float64}, Float64, 1}}, Vector{Float64}, Vector{Float64}, ForwardDiff.Dual{ForwardDiff.Tag{DiffEqBase.OrdinaryDiffEqTag, Float64}, Float64, 1}}}, FunctionWrappers.FunctionWrapper{Nothing, Tuple{Vector{ForwardDiff.Dual{ForwardDiff.Tag{DiffEqBase.OrdinaryDiffEqTag, Float64}, Float64, 1}}, Vector{ForwardDiff.Dual{ForwardDiff.Tag{DiffEqBase.OrdinaryDiffEqTag, Float64}, Float64, 1}}, Vector{Float64}, ForwardDiff.Dual{ForwardDiff.Tag{DiffEqBase.OrdinaryDiffEqTag, Float64}, Float64, 1}}}}, FunctionWrappersWrappers.AllowNonIsBits, FunctionWrappersWrappers.SingleCacheStorage}, LinearAlgebra.Diagonal{Float64, Vector{Float64}}, Nothing, Nothing, Nothing, Nothing, Nothing, Nothing, Nothing, Nothing, Nothing, Nothing, Nothing, Nothing, typeof(SciMLBase.DEFAULT_OBSERVED), Nothing, NetworkDynamics.Network{NetworkDynamics.SequentialExecution{true}, Graphs.SimpleGraphs.SimpleGraph{Int64}, NetworkDynamics.NetworkLayer{Graphs.SimpleGraphs.SimpleGraph{Int64}, Tuple{NetworkDynamics.ComponentBatch{NetworkDynamics.EdgeModel, Nothing, NetworkDynamics.AntiSymmetric{typeof(GridSim._branch_current!)}, NetworkDynamics.PureFeedForward, Static.StaticInt{0}, Static.StaticInt{2}, @NamedTuple{src::Static.StaticInt{2}, dst::Static.StaticInt{2}}, @NamedTuple{src::Static.StaticInt{2}, dst::Static.StaticInt{2}}, Static.StaticInt{0}, Vector{Int64}}}, NetworkDynamics.SequentialAggregator{typeof(+)}}, Tuple{NetworkDynamics.ComponentBatch{NetworkDynamics.VertexModel, typeof(GridSim._detailed_machine_bus!), NetworkDynamics.StateMask{2, UnitRange{Int64}}, NetworkDynamics.PureStateMap, Static.StaticInt{8}, Static.StaticInt{27}, Static.StaticInt{2}, Static.StaticInt{2}, Static.StaticInt{0}, Vector{Int64}}, NetworkDynamics.ComponentBatch{NetworkDynamics.VertexModel, typeof(GridSim._detailed_passive_bus!), NetworkDynamics.StateMask{2, UnitRange{Int64}}, NetworkDynamics.PureStateMap, Static.StaticInt{2}, Static.StaticInt{4}, Static.StaticInt{2}, Static.StaticInt{2}, Static.StaticInt{0}, Vector{Int64}}}, LinearAlgebra.Diagonal{Float64, Vector{Float64}}, PreallocationTools.DiffCache{Vector{Float64}, Vector{Float64}}, NetworkDynamics.EagerGBufProvider{Vector{Int64}, PreallocationTools.DiffCache{Vector{Float64}, Vector{Float64}}}, Nothing, Nothing}, Nothing, Nothing}, Vector{Float64}, Vector{Float64}}, Vector{Float64}, ADTypes.AutoForwardDiff{1, ForwardDiff.Tag{DiffEqBase.OrdinaryDiffEqTag, Float64}}, Float64, Tuple{}}, Float64, ForwardDiff.DerivativeConfig{ForwardDiff.Tag{DiffEqBase.OrdinaryDiffEqTag, Float64}, Vector{ForwardDiff.Dual{ForwardDiff.Tag{DiffEqBase.OrdinaryDiffEqTag, Float64}, Float64, 1}}}, Tuple{}}}, Float64, OrdinaryDiffEqRosenbrock.Rodas5P{ADTypes.AutoForwardDiff{1, ForwardDiff.Tag{DiffEqBase.OrdinaryDiffEqTag, Float64}}, Nothing, typeof(OrdinaryDiffEqCore.trivial_limiter!), typeof(OrdinaryDiffEqCore.trivial_limiter!), Nothing}, typeof(OrdinaryDiffEqCore.trivial_limiter!), typeof(OrdinaryDiffEqCore.trivial_limiter!), OrdinaryDiffEqRosenbrock.JacReuseState{Float64, Matrix{Float64}, Vector{Float64}, Matrix{Float64}}}, BitVector}, SciMLBase.DEStats, Nothing, Nothing, Nothing, Nothing, Nothing, SciMLBase.ReturnCode.T}, SciMLBase.ODEFunction{true, SciMLBase.AutoSpecialize, FunctionWrappersWrappers.FunctionWrappersWrapper{Tuple{FunctionWrappers.FunctionWrapper{Nothing, Tuple{Vector{Float64}, Vector{Float64}, Vector{Float64}, Float64}}, FunctionWrappers.FunctionWrapper{Nothing, Tuple{Vector{ForwardDiff.Dual{ForwardDiff.Tag{DiffEqBase.OrdinaryDiffEqTag, Float64}, Float64, 1}}, Vector{ForwardDiff.Dual{ForwardDiff.Tag{DiffEqBase.OrdinaryDiffEqTag, Float64}, Float64, 1}}, Vector{Float64}, Float64}}, FunctionWrappers.FunctionWrapper{Nothing, Tuple{Vector{ForwardDiff.Dual{ForwardDiff.Tag{DiffEqBase.OrdinaryDiffEqTag, Float64}, Float64, 1}}, Vector{Float64}, Vector{Float64}, ForwardDiff.Dual{ForwardDiff.Tag{DiffEqBase.OrdinaryDiffEqTag, Float64}, Float64, 1}}}, FunctionWrappers.FunctionWrapper{Nothing, Tuple{Vector{ForwardDiff.Dual{ForwardDiff.Tag{DiffEqBase.OrdinaryDiffEqTag, Float64}, Float64, 1}}, Vector{ForwardDiff.Dual{ForwardDiff.Tag{DiffEqBase.OrdinaryDiffEqTag, Float64}, Float64, 1}}, Vector{Float64}, ForwardDiff.Dual{ForwardDiff.Tag{DiffEqBase.OrdinaryDiffEqTag, Float64}, Float64, 1}}}}, FunctionWrappersWrappers.AllowNonIsBits, FunctionWrappersWrappers.SingleCacheStorage}, LinearAlgebra.Diagonal{Float64, Vector{Float64}}, Nothing, Nothing, Nothing, Nothing, Nothing, Nothing, Nothing, Nothing, Nothing, Nothing, Nothing, Nothing, typeof(SciMLBase.DEFAULT_OBSERVED), Nothing, NetworkDynamics.Network{NetworkDynamics.SequentialExecution{true}, Graphs.SimpleGraphs.SimpleGraph{Int64}, NetworkDynamics.NetworkLayer{Graphs.SimpleGraphs.SimpleGraph{Int64}, Tuple{NetworkDynamics.ComponentBatch{NetworkDynamics.EdgeModel, Nothing, NetworkDynamics.AntiSymmetric{typeof(GridSim._branch_current!)}, NetworkDynamics.PureFeedForward, Static.StaticInt{0}, Static.StaticInt{2}, @NamedTuple{src::Static.StaticInt{2}, dst::Static.StaticInt{2}}, @NamedTuple{src::Static.StaticInt{2}, dst::Static.StaticInt{2}}, Static.StaticInt{0}, Vector{Int64}}}, NetworkDynamics.SequentialAggregator{typeof(+)}}, Tuple{NetworkDynamics.ComponentBatch{NetworkDynamics.VertexModel, typeof(GridSim._detailed_machine_bus!), NetworkDynamics.StateMask{2, UnitRange{Int64}}, NetworkDynamics.PureStateMap, Static.StaticInt{8}, Static.StaticInt{27}, Static.StaticInt{2}, Static.StaticInt{2}, Static.StaticInt{0}, Vector{Int64}}, NetworkDynamics.ComponentBatch{NetworkDynamics.VertexModel, typeof(GridSim._detailed_passive_bus!), NetworkDynamics.StateMask{2, UnitRange{Int64}}, NetworkDynamics.PureStateMap, Static.StaticInt{2}, Static.StaticInt{4}, Static.StaticInt{2}, Static.StaticInt{2}, Static.StaticInt{0}, Vector{Int64}}}, LinearAlgebra.Diagonal{Float64, Vector{Float64}}, PreallocationTools.DiffCache{Vector{Float64}, Vector{Float64}}, NetworkDynamics.EagerGBufProvider{Vector{Int64}, PreallocationTools.DiffCache{Vector{Float64}, Vector{Float64}}}, Nothing, Nothing}, Nothing, Nothing}, OrdinaryDiffEqRosenbrock.RosenbrockCache{Vector{Float64}, Vector{Float64}, Float64, Vector{Float64}, Matrix{Float64}, Matrix{Float64}, OrdinaryDiffEqRosenbrockTableaus.RodasTableau{Float64, Float64, Vector{Float64}}, SciMLBase.TimeGradientWrapper{true, SciMLBase.ODEFunction{true, SciMLBase.AutoSpecialize, FunctionWrappersWrappers.FunctionWrappersWrapper{Tuple{FunctionWrappers.FunctionWrapper{Nothing, Tuple{Vector{Float64}, Vector{Float64}, Vector{Float64}, Float64}}, FunctionWrappers.FunctionWrapper{Nothing, Tuple{Vector{ForwardDiff.Dual{ForwardDiff.Tag{DiffEqBase.OrdinaryDiffEqTag, Float64}, Float64, 1}}, Vector{ForwardDiff.Dual{ForwardDiff.Tag{DiffEqBase.OrdinaryDiffEqTag, Float64}, Float64, 1}}, Vector{Float64}, Float64}}, FunctionWrappers.FunctionWrapper{Nothing, Tuple{Vector{ForwardDiff.Dual{ForwardDiff.Tag{DiffEqBase.OrdinaryDiffEqTag, Float64}, Float64, 1}}, Vector{Float64}, Vector{Float64}, ForwardDiff.Dual{ForwardDiff.Tag{DiffEqBase.OrdinaryDiffEqTag, Float64}, Float64, 1}}}, FunctionWrappers.FunctionWrapper{Nothing, Tuple{Vector{ForwardDiff.Dual{ForwardDiff.Tag{DiffEqBase.OrdinaryDiffEqTag, Float64}, Float64, 1}}, Vector{ForwardDiff.Dual{ForwardDiff.Tag{DiffEqBase.OrdinaryDiffEqTag, Float64}, Float64, 1}}, Vector{Float64}, ForwardDiff.Dual{ForwardDiff.Tag{DiffEqBase.OrdinaryDiffEqTag, Float64}, Float64, 1}}}}, FunctionWrappersWrappers.AllowNonIsBits, FunctionWrappersWrappers.SingleCacheStorage}, LinearAlgebra.Diagonal{Float64, Vector{Float64}}, Nothing, Nothing, Nothing, Nothing, Nothing, Nothing, Nothing, Nothing, Nothing, Nothing, Nothing, Nothing, typeof(SciMLBase.DEFAULT_OBSERVED), Nothing, NetworkDynamics.Network{NetworkDynamics.SequentialExecution{true}, Graphs.SimpleGraphs.SimpleGraph{Int64}, NetworkDynamics.NetworkLayer{Graphs.SimpleGraphs.SimpleGraph{Int64}, Tuple{NetworkDynamics.ComponentBatch{NetworkDynamics.EdgeModel, Nothing, NetworkDynamics.AntiSymmetric{typeof(GridSim._branch_current!)}, NetworkDynamics.PureFeedForward, Static.StaticInt{0}, Static.StaticInt{2}, @NamedTuple{src::Static.StaticInt{2}, dst::Static.StaticInt{2}}, @NamedTuple{src::Static.StaticInt{2}, dst::Static.StaticInt{2}}, Static.StaticInt{0}, Vector{Int64}}}, NetworkDynamics.SequentialAggregator{typeof(+)}}, Tuple{NetworkDynamics.ComponentBatch{NetworkDynamics.VertexModel, typeof(GridSim._detailed_machine_bus!), NetworkDynamics.StateMask{2, UnitRange{Int64}}, NetworkDynamics.PureStateMap, Static.StaticInt{8}, Static.StaticInt{27}, Static.StaticInt{2}, Static.StaticInt{2}, Static.StaticInt{0}, Vector{Int64}}, NetworkDynamics.ComponentBatch{NetworkDynamics.VertexModel, typeof(GridSim._detailed_passive_bus!), NetworkDynamics.StateMask{2, UnitRange{Int64}}, NetworkDynamics.PureStateMap, Static.StaticInt{2}, Static.StaticInt{4}, Static.StaticInt{2}, Static.StaticInt{2}, Static.StaticInt{0}, Vector{Int64}}}, LinearAlgebra.Diagonal{Float64, Vector{Float64}}, PreallocationTools.DiffCache{Vector{Float64}, Vector{Float64}}, NetworkDynamics.EagerGBufProvider{Vector{Int64}, PreallocationTools.DiffCache{Vector{Float64}, Vector{Float64}}}, Nothing, Nothing}, Nothing, Nothing}, Vector{Float64}, Vector{Float64}}, SciMLBase.UJacobianWrapper{true, SciMLBase.ODEFunction{true, SciMLBase.AutoSpecialize, FunctionWrappersWrappers.FunctionWrappersWrapper{Tuple{FunctionWrappers.FunctionWrapper{Nothing, Tuple{Vector{Float64}, Vector{Float64}, Vector{Float64}, Float64}}, FunctionWrappers.FunctionWrapper{Nothing, Tuple{Vector{ForwardDiff.Dual{ForwardDiff.Tag{DiffEqBase.OrdinaryDiffEqTag, Float64}, Float64, 1}}, Vector{ForwardDiff.Dual{ForwardDiff.Tag{DiffEqBase.OrdinaryDiffEqTag, Float64}, Float64, 1}}, Vector{Float64}, Float64}}, FunctionWrappers.FunctionWrapper{Nothing, Tuple{Vector{ForwardDiff.Dual{ForwardDiff.Tag{DiffEqBase.OrdinaryDiffEqTag, Float64}, Float64, 1}}, Vector{Float64}, Vector{Float64}, ForwardDiff.Dual{ForwardDiff.Tag{DiffEqBase.OrdinaryDiffEqTag, Float64}, Float64, 1}}}, FunctionWrappers.FunctionWrapper{Nothing, Tuple{Vector{ForwardDiff.Dual{ForwardDiff.Tag{DiffEqBase.OrdinaryDiffEqTag, Float64}, Float64, 1}}, Vector{ForwardDiff.Dual{ForwardDiff.Tag{DiffEqBase.OrdinaryDiffEqTag, Float64}, Float64, 1}}, Vector{Float64}, ForwardDiff.Dual{ForwardDiff.Tag{DiffEqBase.OrdinaryDiffEqTag, Float64}, Float64, 1}}}}, FunctionWrappersWrappers.AllowNonIsBits, FunctionWrappersWrappers.SingleCacheStorage}, LinearAlgebra.Diagonal{Float64, Vector{Float64}}, Nothing, Nothing, Nothing, Nothing, Nothing, Nothing, Nothing, Nothing, Nothing, Nothing, Nothing, Nothing, typeof(SciMLBase.DEFAULT_OBSERVED), Nothing, NetworkDynamics.Network{NetworkDynamics.SequentialExecution{true}, Graphs.SimpleGraphs.SimpleGraph{Int64}, NetworkDynamics.NetworkLayer{Graphs.SimpleGraphs.SimpleGraph{Int64}, Tuple{NetworkDynamics.ComponentBatch{NetworkDynamics.EdgeModel, Nothing, NetworkDynamics.AntiSymmetric{typeof(GridSim._branch_current!)}, NetworkDynamics.PureFeedForward, Static.StaticInt{0}, Static.StaticInt{2}, @NamedTuple{src::Static.StaticInt{2}, dst::Static.StaticInt{2}}, @NamedTuple{src::Static.StaticInt{2}, dst::Static.StaticInt{2}}, Static.StaticInt{0}, Vector{Int64}}}, NetworkDynamics.SequentialAggregator{typeof(+)}}, Tuple{NetworkDynamics.ComponentBatch{NetworkDynamics.VertexModel, typeof(GridSim._detailed_machine_bus!), NetworkDynamics.StateMask{2, UnitRange{Int64}}, NetworkDynamics.PureStateMap, Static.StaticInt{8}, Static.StaticInt{27}, Static.StaticInt{2}, Static.StaticInt{2}, Static.StaticInt{0}, Vector{Int64}}, NetworkDynamics.ComponentBatch{NetworkDynamics.VertexModel, typeof(GridSim._detailed_passive_bus!), NetworkDynamics.StateMask{2, UnitRange{Int64}}, NetworkDynamics.PureStateMap, Static.StaticInt{2}, Static.StaticInt{4}, Static.StaticInt{2}, Static.StaticInt{2}, Static.StaticInt{0}, Vector{Int64}}}, LinearAlgebra.Diagonal{Float64, Vector{Float64}}, PreallocationTools.DiffCache{Vector{Float64}, Vector{Float64}}, NetworkDynamics.EagerGBufProvider{Vector{Int64}, PreallocationTools.DiffCache{Vector{Float64}, Vector{Float64}}}, Nothing, Nothing}, Nothing, Nothing}, Float64, Vector{Float64}}, LinearSolve.LinearCache{Matrix{Float64}, Vector{Float64}, Vector{Float64}, Tuple{Nothing, Vector{Float64}, Vector{Float64}, Float64}, LinearSolve.DefaultLinearSolver, LinearSolve.DefaultLinearSolverInit{LinearAlgebra.LU{Float64, Matrix{Float64}, Vector{Int64}}, LinearAlgebra.QRCompactWY{Float64, Matrix{Float64}, Matrix{Float64}}, Nothing, Nothing, Nothing, Nothing, Nothing, Nothing, LinearSolve._GenericLUFactorizationCache{LinearAlgebra.LU{Float64, Matrix{Float64}, Vector{Int64}}, Vector{Int64}, Vector{Float64}}, Tuple{LinearAlgebra.LU{Float64, Matrix{Float64}, Vector{Int64}}, Vector{Int64}}, Nothing, Nothing, Nothing, LinearAlgebra.SVD{Float64, Float64, Matrix{Float64}, Vector{Float64}}, LinearAlgebra.Cholesky{Float64, Matrix{Float64}}, LinearAlgebra.Cholesky{Float64, Matrix{Float64}}, LinearSolve.AppleAccelerateLUCache{Matrix{Float64}, Vector{Int32}, Base.RefValue{Int32}}, Tuple{LinearAlgebra.LU{Float64, Matrix{Float64}, Vector{Int64}}, Base.RefValue{Int64}}, LinearAlgebra.QRPivoted{Float64, Matrix{Float64}, Vector{Float64}, Vector{Int64}}, Nothing, Nothing, Nothing, Nothing, Nothing, Nothing, Nothing, Matrix{Float64}, Vector{Float64}, Nothing}, SciMLOperators.IdentityOperator, SciMLOperators.IdentityOperator, Float64, LinearSolve.LinearVerbosity{true}, Bool, LinearSolve.LinearSolveAdjoint{Missing, Missing, Missing}, Nothing}, Tuple{DifferentiationInterfaceForwardDiffExt.ForwardDiffTwoArgJacobianPrep{Nothing, ForwardDiff.JacobianConfig{ForwardDiff.Tag{DiffEqBase.OrdinaryDiffEqTag, Float64}, Float64, 1, Tuple{Vector{ForwardDiff.Dual{ForwardDiff.Tag{DiffEqBase.OrdinaryDiffEqTag, Float64}, Float64, 1}}, Vector{ForwardDiff.Dual{ForwardDiff.Tag{DiffEqBase.OrdinaryDiffEqTag, Float64}, Float64, 1}}}}, Tuple{}}, DifferentiationInterfaceForwardDiffExt.ForwardDiffTwoArgJacobianPrep{Nothing, ForwardDiff.JacobianConfig{ForwardDiff.Tag{DiffEqBase.OrdinaryDiffEqTag, Float64}, Float64, 1, Tuple{Vector{ForwardDiff.Dual{ForwardDiff.Tag{DiffEqBase.OrdinaryDiffEqTag, Float64}, Float64, 1}}, Vector{ForwardDiff.Dual{ForwardDiff.Tag{DiffEqBase.OrdinaryDiffEqTag, Float64}, Float64, 1}}}}, Tuple{}}}, Tuple{DifferentiationInterfaceForwardDiffExt.ForwardDiffTwoArgDerivativePrep{Tuple{SciMLBase.TimeGradientWrapper{true, SciMLBase.ODEFunction{true, SciMLBase.AutoSpecialize, FunctionWrappersWrappers.FunctionWrappersWrapper{Tuple{FunctionWrappers.FunctionWrapper{Nothing, Tuple{Vector{Float64}, Vector{Float64}, Vector{Float64}, Float64}}, FunctionWrappers.FunctionWrapper{Nothing, Tuple{Vector{ForwardDiff.Dual{ForwardDiff.Tag{DiffEqBase.OrdinaryDiffEqTag, Float64}, Float64, 1}}, Vector{ForwardDiff.Dual{ForwardDiff.Tag{DiffEqBase.OrdinaryDiffEqTag, Float64}, Float64, 1}}, Vector{Float64}, Float64}}, FunctionWrappers.FunctionWrapper{Nothing, Tuple{Vector{ForwardDiff.Dual{ForwardDiff.Tag{DiffEqBase.OrdinaryDiffEqTag, Float64}, Float64, 1}}, Vector{Float64}, Vector{Float64}, ForwardDiff.Dual{ForwardDiff.Tag{DiffEqBase.OrdinaryDiffEqTag, Float64}, Float64, 1}}}, FunctionWrappers.FunctionWrapper{Nothing, Tuple{Vector{ForwardDiff.Dual{ForwardDiff.Tag{DiffEqBase.OrdinaryDiffEqTag, Float64}, Float64, 1}}, Vector{ForwardDiff.Dual{ForwardDiff.Tag{DiffEqBase.OrdinaryDiffEqTag, Float64}, Float64, 1}}, Vector{Float64}, ForwardDiff.Dual{ForwardDiff.Tag{DiffEqBase.OrdinaryDiffEqTag, Float64}, Float64, 1}}}}, FunctionWrappersWrappers.AllowNonIsBits, FunctionWrappersWrappers.SingleCacheStorage}, LinearAlgebra.Diagonal{Float64, Vector{Float64}}, Nothing, Nothing, Nothing, Nothing, Nothing, Nothing, Nothing, Nothing, Nothing, Nothing, Nothing, Nothing, typeof(SciMLBase.DEFAULT_OBSERVED), Nothing, NetworkDynamics.Network{NetworkDynamics.SequentialExecution{true}, Graphs.SimpleGraphs.SimpleGraph{Int64}, NetworkDynamics.NetworkLayer{Graphs.SimpleGraphs.SimpleGraph{Int64}, Tuple{NetworkDynamics.ComponentBatch{NetworkDynamics.EdgeModel, Nothing, NetworkDynamics.AntiSymmetric{typeof(GridSim._branch_current!)}, NetworkDynamics.PureFeedForward, Static.StaticInt{0}, Static.StaticInt{2}, @NamedTuple{src::Static.StaticInt{2}, dst::Static.StaticInt{2}}, @NamedTuple{src::Static.StaticInt{2}, dst::Static.StaticInt{2}}, Static.StaticInt{0}, Vector{Int64}}}, NetworkDynamics.SequentialAggregator{typeof(+)}}, Tuple{NetworkDynamics.ComponentBatch{NetworkDynamics.VertexModel, typeof(GridSim._detailed_machine_bus!), NetworkDynamics.StateMask{2, UnitRange{Int64}}, NetworkDynamics.PureStateMap, Static.StaticInt{8}, Static.StaticInt{27}, Static.StaticInt{2}, Static.StaticInt{2}, Static.StaticInt{0}, Vector{Int64}}, NetworkDynamics.ComponentBatch{NetworkDynamics.VertexModel, typeof(GridSim._detailed_passive_bus!), NetworkDynamics.StateMask{2, UnitRange{Int64}}, NetworkDynamics.PureStateMap, Static.StaticInt{2}, Static.StaticInt{4}, Static.StaticInt{2}, Static.StaticInt{2}, Static.StaticInt{0}, Vector{Int64}}}, LinearAlgebra.Diagonal{Float64, Vector{Float64}}, PreallocationTools.DiffCache{Vector{Float64}, Vector{Float64}}, NetworkDynamics.EagerGBufProvider{Vector{Int64}, PreallocationTools.DiffCache{Vector{Float64}, Vector{Float64}}}, Nothing, Nothing}, Nothing, Nothing}, Vector{Float64}, Vector{Float64}}, Vector{Float64}, ADTypes.AutoForwardDiff{1, ForwardDiff.Tag{DiffEqBase.OrdinaryDiffEqTag, Float64}}, Float64, Tuple{}}, Float64, ForwardDiff.DerivativeConfig{ForwardDiff.Tag{DiffEqBase.OrdinaryDiffEqTag, Float64}, Vector{ForwardDiff.Dual{ForwardDiff.Tag{DiffEqBase.OrdinaryDiffEqTag, Float64}, Float64, 1}}}, Tuple{}}, DifferentiationInterfaceForwardDiffExt.ForwardDiffTwoArgDerivativePrep{Tuple{SciMLBase.TimeGradientWrapper{true, SciMLBase.ODEFunction{true, SciMLBase.AutoSpecialize, FunctionWrappersWrappers.FunctionWrappersWrapper{Tuple{FunctionWrappers.FunctionWrapper{Nothing, Tuple{Vector{Float64}, Vector{Float64}, Vector{Float64}, Float64}}, FunctionWrappers.FunctionWrapper{Nothing, Tuple{Vector{ForwardDiff.Dual{ForwardDiff.Tag{DiffEqBase.OrdinaryDiffEqTag, Float64}, Float64, 1}}, Vector{ForwardDiff.Dual{ForwardDiff.Tag{DiffEqBase.OrdinaryDiffEqTag, Float64}, Float64, 1}}, Vector{Float64}, Float64}}, FunctionWrappers.FunctionWrapper{Nothing, Tuple{Vector{ForwardDiff.Dual{ForwardDiff.Tag{DiffEqBase.OrdinaryDiffEqTag, Float64}, Float64, 1}}, Vector{Float64}, Vector{Float64}, ForwardDiff.Dual{ForwardDiff.Tag{DiffEqBase.OrdinaryDiffEqTag, Float64}, Float64, 1}}}, FunctionWrappers.FunctionWrapper{Nothing, Tuple{Vector{ForwardDiff.Dual{ForwardDiff.Tag{DiffEqBase.OrdinaryDiffEqTag, Float64}, Float64, 1}}, Vector{ForwardDiff.Dual{ForwardDiff.Tag{DiffEqBase.OrdinaryDiffEqTag, Float64}, Float64, 1}}, Vector{Float64}, ForwardDiff.Dual{ForwardDiff.Tag{DiffEqBase.OrdinaryDiffEqTag, Float64}, Float64, 1}}}}, FunctionWrappersWrappers.AllowNonIsBits, FunctionWrappersWrappers.SingleCacheStorage}, LinearAlgebra.Diagonal{Float64, Vector{Float64}}, Nothing, Nothing, Nothing, Nothing, Nothing, Nothing, Nothing, Nothing, Nothing, Nothing, Nothing, Nothing, typeof(SciMLBase.DEFAULT_OBSERVED), Nothing, NetworkDynamics.Network{NetworkDynamics.SequentialExecution{true}, Graphs.SimpleGraphs.SimpleGraph{Int64}, NetworkDynamics.NetworkLayer{Graphs.SimpleGraphs.SimpleGraph{Int64}, Tuple{NetworkDynamics.ComponentBatch{NetworkDynamics.EdgeModel, Nothing, NetworkDynamics.AntiSymmetric{typeof(GridSim._branch_current!)}, NetworkDynamics.PureFeedForward, Static.StaticInt{0}, Static.StaticInt{2}, @NamedTuple{src::Static.StaticInt{2}, dst::Static.StaticInt{2}}, @NamedTuple{src::Static.StaticInt{2}, dst::Static.StaticInt{2}}, Static.StaticInt{0}, Vector{Int64}}}, NetworkDynamics.SequentialAggregator{typeof(+)}}, Tuple{NetworkDynamics.ComponentBatch{NetworkDynamics.VertexModel, typeof(GridSim._detailed_machine_bus!), NetworkDynamics.StateMask{2, UnitRange{Int64}}, NetworkDynamics.PureStateMap, Static.StaticInt{8}, Static.StaticInt{27}, Static.StaticInt{2}, Static.StaticInt{2}, Static.StaticInt{0}, Vector{Int64}}, NetworkDynamics.ComponentBatch{NetworkDynamics.VertexModel, typeof(GridSim._detailed_passive_bus!), NetworkDynamics.StateMask{2, UnitRange{Int64}}, NetworkDynamics.PureStateMap, Static.StaticInt{2}, Static.StaticInt{4}, Static.StaticInt{2}, Static.StaticInt{2}, Static.StaticInt{0}, Vector{Int64}}}, LinearAlgebra.Diagonal{Float64, Vector{Float64}}, PreallocationTools.DiffCache{Vector{Float64}, Vector{Float64}}, NetworkDynamics.EagerGBufProvider{Vector{Int64}, PreallocationTools.DiffCache{Vector{Float64}, Vector{Float64}}}, Nothing, Nothing}, Nothing, Nothing}, Vector{Float64}, Vector{Float64}}, Vector{Float64}, ADTypes.AutoForwardDiff{1, ForwardDiff.Tag{DiffEqBase.OrdinaryDiffEqTag, Float64}}, Float64, Tuple{}}, Float64, ForwardDiff.DerivativeConfig{ForwardDiff.Tag{DiffEqBase.OrdinaryDiffEqTag, Float64}, Vector{ForwardDiff.Dual{ForwardDiff.Tag{DiffEqBase.OrdinaryDiffEqTag, Float64}, Float64, 1}}}, Tuple{}}}, Float64, OrdinaryDiffEqRosenbrock.Rodas5P{ADTypes.AutoForwardDiff{1, ForwardDiff.Tag{DiffEqBase.OrdinaryDiffEqTag, Float64}}, Nothing, typeof(OrdinaryDiffEqCore.trivial_limiter!), typeof(OrdinaryDiffEqCore.trivial_limiter!), Nothing}, typeof(OrdinaryDiffEqCore.trivial_limiter!), typeof(OrdinaryDiffEqCore.trivial_limiter!), OrdinaryDiffEqRosenbrock.JacReuseState{Float64, Matrix{Float64}, Vector{Float64}, Matrix{Float64}}}, OrdinaryDiffEqCore.DEOptions{Float64, Float64, Float64, Float64, typeof(DiffEqBase.ODE_DEFAULT_NORM), typeof(LinearAlgebra.opnorm), Nothing, SciMLBase.CallbackSet{Vector{Any}, Vector{Any}}, typeof(DiffEqBase.ODE_DEFAULT_ISOUTOFDOMAIN), typeof(DiffEqBase.ODE_DEFAULT_PROG_MESSAGE), typeof(DiffEqBase.ODE_DEFAULT_UNSTABLE_CHECK), BinaryHeaps.BinaryHeap{Float64, BinaryHeaps.FasterForward}, BinaryHeaps.BinaryHeap{Float64, BinaryHeaps.FasterForward}, Nothing, Nothing, Int64, Tuple{}, Tuple{}, Tuple{}, DiffEqBase.DEVerbosity{true, SciMLLogging.Minimal, SciMLLogging.Minimal}, Nothing, typeof(OrdinaryDiffEqCore.trivial_limiter!), typeof(OrdinaryDiffEqCore.trivial_limiter!)}, Vector{Float64}, Float64, Union{Nothing, DiffEqBase.CallbackCache{Vector{Float64}, Vector{Float64}}}, DiffEqBase.BrownFullBasicInit{Float64, Nothing}, BitVector, OrdinaryDiffEqCore.PIControllerCache{Float64, Float64, SciMLBase.IntervalNonlinearProblem{false, Vector{Float64}, SciMLBase.NullParameters, SciMLBase.IntervalNonlinearFunction{false, SciMLBase.AutoSpecialize, FunctionWrappers.FunctionWrapper{Float64, Tuple{Float64, SciMLBase.NullParameters}}, Nothing, typeof(SciMLBase.DEFAULT_OBSERVED_NO_TIME), Nothing, Nothing}, Base.Pairs{Symbol, Union{}, Nothing, @NamedTuple{}}, SciMLBase.StandardNonlinearProblem}}, Random.TaskLocalRNG, Nothing, Nothing, Nothing, Nothing, Nothing, Nothing}, GridSim.TrajectoryRecorder{(:t, :δ_G1, :δ_G2, :ω_G1, :ω_G2, :E′q_G1, :E′q_G2, :E′d_G1, :E′d_G2, :Efd_G1, :Efd_G2, :V_B1, :V_B2, :V_B3, :δ_coi, :f_coi), 16}}) at detailed.jl:1702
└ @ Core W:\Claude_projects\GridSim\src\engines\detailed.jl:1702
┌ Warning: `u_modified!(i::DEIntegrator, bool)` is deprecated, use `derivative_discontinuity!(i, bool)` instead.
│   caller = efd_step_run(net::NetworkModel; ΔEfd::Float64, reltol::Float64, abstol::Float64, T::Float64, saveat::Float64, slack::Symbol) at helpers.jl:461
└ @ Core W:\Claude_projects\GridSim\test\helpers.jl:461
┌ Warning: `u_modified!(i::DEIntegrator, bool)` is deprecated, use `derivative_discontinuity!(i, bool)` instead.
│   caller = _reinitialise_algebraic!(eng::DetailedEngine{NetworkDynamics.Network{NetworkDynamics.SequentialExecution{true}, Graphs.SimpleGraphs.SimpleGraph{Int64}, NetworkDynamics.NetworkLayer{Graphs.SimpleGraphs.SimpleGraph{Int64}, Tuple{NetworkDynamics.ComponentBatch{NetworkDynamics.EdgeModel, Nothing, NetworkDynamics.AntiSymmetric{typeof(GridSim._branch_current!)}, NetworkDynamics.PureFeedForward, Static.StaticInt{0}, Static.StaticInt{2}, @NamedTuple{src::Static.StaticInt{2}, dst::Static.StaticInt{2}}, @NamedTuple{src::Static.StaticInt{2}, dst::Static.StaticInt{2}}, Static.StaticInt{0}, Vector{Int64}}}, NetworkDynamics.SequentialAggregator{typeof(+)}}, Tuple{NetworkDynamics.ComponentBatch{NetworkDynamics.VertexModel, typeof(GridSim._detailed_machine_bus!), NetworkDynamics.StateMask{2, UnitRange{Int64}}, NetworkDynamics.PureStateMap, Static.StaticInt{8}, Static.StaticInt{27}, Static.StaticInt{2}, Static.StaticInt{2}, Static.StaticInt{0}, Vector{Int64}}, NetworkDynamics.ComponentBatch{NetworkDynamics.VertexModel, typeof(GridSim._detailed_passive_bus!), NetworkDynamics.StateMask{2, UnitRange{Int64}}, NetworkDynamics.PureStateMap, Static.StaticInt{2}, Static.StaticInt{4}, Static.StaticInt{2}, Static.StaticInt{2}, Static.StaticInt{0}, Vector{Int64}}}, LinearAlgebra.Diagonal{Float64, Vector{Float64}}, PreallocationTools.DiffCache{Vector{Float64}, Vector{Float64}}, NetworkDynamics.EagerGBufProvider{Vector{Int64}, PreallocationTools.DiffCache{Vector{Float64}, Vector{Float64}}}, Nothing, Nothing}, NetworkDynamics.Network{NetworkDynamics.SequentialExecution{true}, Graphs.SimpleGraphs.SimpleGraph{Int64}, NetworkDynamics.NetworkLayer{Graphs.SimpleGraphs.SimpleGraph{Int64}, Tuple{NetworkDynamics.ComponentBatch{NetworkDynamics.EdgeModel, Nothing, NetworkDynamics.AntiSymmetric{typeof(GridSim._branch_current!)}, NetworkDynamics.PureFeedForward, Static.StaticInt{0}, Static.StaticInt{2}, @NamedTuple{src::Static.StaticInt{2}, dst::Static.StaticInt{2}}, @NamedTuple{src::Static.StaticInt{2}, dst::Static.StaticInt{2}}, Static.StaticInt{0}, Vector{Int64}}}, NetworkDynamics.SequentialAggregator{typeof(+)}}, Tuple{NetworkDynamics.ComponentBatch{NetworkDynamics.VertexModel, typeof(GridSim._static_machine_bus!), NetworkDynamics.StateMask{2, UnitRange{Int64}}, NetworkDynamics.PureStateMap, Static.StaticInt{3}, Static.StaticInt{15}, Static.StaticInt{2}, Static.StaticInt{2}, Static.StaticInt{0}, Vector{Int64}}, NetworkDynamics.ComponentBatch{NetworkDynamics.VertexModel, typeof(GridSim._detailed_passive_bus!), NetworkDynamics.StateMask{2, UnitRange{Int64}}, NetworkDynamics.PureStateMap, Static.StaticInt{2}, Static.StaticInt{4}, Static.StaticInt{2}, Static.StaticInt{2}, Static.StaticInt{0}, Vector{Int64}}}, LinearAlgebra.Diagonal{Float64, Vector{Float64}}, PreallocationTools.DiffCache{Vector{Float64}, Vector{Float64}}, NetworkDynamics.EagerGBufProvider{Vector{Int64}, PreallocationTools.DiffCache{Vector{Float64}, Vector{Float64}}}, Nothing, Nothing}, OrdinaryDiffEqCore.ODEIntegrator{OrdinaryDiffEqRosenbrock.Rodas5P{ADTypes.AutoForwardDiff{1, ForwardDiff.Tag{DiffEqBase.OrdinaryDiffEqTag, Float64}}, Nothing, typeof(OrdinaryDiffEqCore.trivial_limiter!), typeof(OrdinaryDiffEqCore.trivial_limiter!), Nothing}, true, Vector{Float64}, Nothing, Float64, Vector{Float64}, Float64, Float64, Vector{Vector{Float64}}, SciMLBase.ODESolution{Float64, 2, Vector{Vector{Float64}}, Nothing, Nothing, Vector{Float64}, Vector{Vector{Vector{Float64}}}, SymbolicIndexingInterface.ParameterTimeseriesCollection{Tuple{RecursiveArrayTools.DiffEqArray{Float64, 2, Vector{Vector{Float64}}, Vector{Float64}, Nothing, SymbolicIndexingInterface.SymbolCache{Nothing, Nothing, Nothing, Vector{Any}, Dict{Any, Any}}, Nothing, Nothing}}, Vector{Float64}}, SciMLBase.ODEProblem{Vector{Float64}, Tuple{Float64, Float64}, true, Vector{Float64}, SciMLBase.ODEFunction{true, SciMLBase.AutoSpecialize, FunctionWrappersWrappers.FunctionWrappersWrapper{Tuple{FunctionWrappers.FunctionWrapper{Nothing, Tuple{Vector{Float64}, Vector{Float64}, Vector{Float64}, Float64}}, FunctionWrappers.FunctionWrapper{Nothing, Tuple{Vector{ForwardDiff.Dual{ForwardDiff.Tag{DiffEqBase.OrdinaryDiffEqTag, Float64}, Float64, 1}}, Vector{ForwardDiff.Dual{ForwardDiff.Tag{DiffEqBase.OrdinaryDiffEqTag, Float64}, Float64, 1}}, Vector{Float64}, Float64}}, FunctionWrappers.FunctionWrapper{Nothing, Tuple{Vector{ForwardDiff.Dual{ForwardDiff.Tag{DiffEqBase.OrdinaryDiffEqTag, Float64}, Float64, 1}}, Vector{Float64}, Vector{Float64}, ForwardDiff.Dual{ForwardDiff.Tag{DiffEqBase.OrdinaryDiffEqTag, Float64}, Float64, 1}}}, FunctionWrappers.FunctionWrapper{Nothing, Tuple{Vector{ForwardDiff.Dual{ForwardDiff.Tag{DiffEqBase.OrdinaryDiffEqTag, Float64}, Float64, 1}}, Vector{ForwardDiff.Dual{ForwardDiff.Tag{DiffEqBase.OrdinaryDiffEqTag, Float64}, Float64, 1}}, Vector{Float64}, ForwardDiff.Dual{ForwardDiff.Tag{DiffEqBase.OrdinaryDiffEqTag, Float64}, Float64, 1}}}}, FunctionWrappersWrappers.AllowNonIsBits, FunctionWrappersWrappers.SingleCacheStorage}, LinearAlgebra.Diagonal{Float64, Vector{Float64}}, Nothing, Nothing, Nothing, Nothing, Nothing, Nothing, Nothing, Nothing, Nothing, Nothing, Nothing, Nothing, typeof(SciMLBase.DEFAULT_OBSERVED), Nothing, NetworkDynamics.Network{NetworkDynamics.SequentialExecution{true}, Graphs.SimpleGraphs.SimpleGraph{Int64}, NetworkDynamics.NetworkLayer{Graphs.SimpleGraphs.SimpleGraph{Int64}, Tuple{NetworkDynamics.ComponentBatch{NetworkDynamics.EdgeModel, Nothing, NetworkDynamics.AntiSymmetric{typeof(GridSim._branch_current!)}, NetworkDynamics.PureFeedForward, Static.StaticInt{0}, Static.StaticInt{2}, @NamedTuple{src::Static.StaticInt{2}, dst::Static.StaticInt{2}}, @NamedTuple{src::Static.StaticInt{2}, dst::Static.StaticInt{2}}, Static.StaticInt{0}, Vector{Int64}}}, NetworkDynamics.SequentialAggregator{typeof(+)}}, Tuple{NetworkDynamics.ComponentBatch{NetworkDynamics.VertexModel, typeof(GridSim._detailed_machine_bus!), NetworkDynamics.StateMask{2, UnitRange{Int64}}, NetworkDynamics.PureStateMap, Static.StaticInt{8}, Static.StaticInt{27}, Static.StaticInt{2}, Static.StaticInt{2}, Static.StaticInt{0}, Vector{Int64}}, NetworkDynamics.ComponentBatch{NetworkDynamics.VertexModel, typeof(GridSim._detailed_passive_bus!), NetworkDynamics.StateMask{2, UnitRange{Int64}}, NetworkDynamics.PureStateMap, Static.StaticInt{2}, Static.StaticInt{4}, Static.StaticInt{2}, Static.StaticInt{2}, Static.StaticInt{0}, Vector{Int64}}}, LinearAlgebra.Diagonal{Float64, Vector{Float64}}, PreallocationTools.DiffCache{Vector{Float64}, Vector{Float64}}, NetworkDynamics.EagerGBufProvider{Vector{Int64}, PreallocationTools.DiffCache{Vector{Float64}, Vector{Float64}}}, Nothing, Nothing}, Nothing, Nothing}, Base.Pairs{Symbol, Any, Nothing, @NamedTuple{callback::SciMLBase.CallbackSet{Vector{Any}, Vector{Any}}, initializealg::DiffEqBase.BrownFullBasicInit{Float64, Nothing}}}, SciMLBase.StandardODEProblem}, OrdinaryDiffEqRosenbrock.Rodas5P{ADTypes.AutoForwardDiff{1, ForwardDiff.Tag{DiffEqBase.OrdinaryDiffEqTag, Float64}}, Nothing, typeof(OrdinaryDiffEqCore.trivial_limiter!), typeof(OrdinaryDiffEqCore.trivial_limiter!), Nothing}, OrdinaryDiffEqCore.InterpolationData{SciMLBase.ODEFunction{true, SciMLBase.AutoSpecialize, FunctionWrappersWrappers.FunctionWrappersWrapper{Tuple{FunctionWrappers.FunctionWrapper{Nothing, Tuple{Vector{Float64}, Vector{Float64}, Vector{Float64}, Float64}}, FunctionWrappers.FunctionWrapper{Nothing, Tuple{Vector{ForwardDiff.Dual{ForwardDiff.Tag{DiffEqBase.OrdinaryDiffEqTag, Float64}, Float64, 1}}, Vector{ForwardDiff.Dual{ForwardDiff.Tag{DiffEqBase.OrdinaryDiffEqTag, Float64}, Float64, 1}}, Vector{Float64}, Float64}}, FunctionWrappers.FunctionWrapper{Nothing, Tuple{Vector{ForwardDiff.Dual{ForwardDiff.Tag{DiffEqBase.OrdinaryDiffEqTag, Float64}, Float64, 1}}, Vector{Float64}, Vector{Float64}, ForwardDiff.Dual{ForwardDiff.Tag{DiffEqBase.OrdinaryDiffEqTag, Float64}, Float64, 1}}}, FunctionWrappers.FunctionWrapper{Nothing, Tuple{Vector{ForwardDiff.Dual{ForwardDiff.Tag{DiffEqBase.OrdinaryDiffEqTag, Float64}, Float64, 1}}, Vector{ForwardDiff.Dual{ForwardDiff.Tag{DiffEqBase.OrdinaryDiffEqTag, Float64}, Float64, 1}}, Vector{Float64}, ForwardDiff.Dual{ForwardDiff.Tag{DiffEqBase.OrdinaryDiffEqTag, Float64}, Float64, 1}}}}, FunctionWrappersWrappers.AllowNonIsBits, FunctionWrappersWrappers.SingleCacheStorage}, LinearAlgebra.Diagonal{Float64, Vector{Float64}}, Nothing, Nothing, Nothing, Nothing, Nothing, Nothing, Nothing, Nothing, Nothing, Nothing, Nothing, Nothing, typeof(SciMLBase.DEFAULT_OBSERVED), Nothing, NetworkDynamics.Network{NetworkDynamics.SequentialExecution{true}, Graphs.SimpleGraphs.SimpleGraph{Int64}, NetworkDynamics.NetworkLayer{Graphs.SimpleGraphs.SimpleGraph{Int64}, Tuple{NetworkDynamics.ComponentBatch{NetworkDynamics.EdgeModel, Nothing, NetworkDynamics.AntiSymmetric{typeof(GridSim._branch_current!)}, NetworkDynamics.PureFeedForward, Static.StaticInt{0}, Static.StaticInt{2}, @NamedTuple{src::Static.StaticInt{2}, dst::Static.StaticInt{2}}, @NamedTuple{src::Static.StaticInt{2}, dst::Static.StaticInt{2}}, Static.StaticInt{0}, Vector{Int64}}}, NetworkDynamics.SequentialAggregator{typeof(+)}}, Tuple{NetworkDynamics.ComponentBatch{NetworkDynamics.VertexModel, typeof(GridSim._detailed_machine_bus!), NetworkDynamics.StateMask{2, UnitRange{Int64}}, NetworkDynamics.PureStateMap, Static.StaticInt{8}, Static.StaticInt{27}, Static.StaticInt{2}, Static.StaticInt{2}, Static.StaticInt{0}, Vector{Int64}}, NetworkDynamics.ComponentBatch{NetworkDynamics.VertexModel, typeof(GridSim._detailed_passive_bus!), NetworkDynamics.StateMask{2, UnitRange{Int64}}, NetworkDynamics.PureStateMap, Static.StaticInt{2}, Static.StaticInt{4}, Static.StaticInt{2}, Static.StaticInt{2}, Static.StaticInt{0}, Vector{Int64}}}, LinearAlgebra.Diagonal{Float64, Vector{Float64}}, PreallocationTools.DiffCache{Vector{Float64}, Vector{Float64}}, NetworkDynamics.EagerGBufProvider{Vector{Int64}, PreallocationTools.DiffCache{Vector{Float64}, Vector{Float64}}}, Nothing, Nothing}, Nothing, Nothing}, Vector{Vector{Float64}}, Vector{Float64}, Vector{Vector{Vector{Float64}}}, Nothing, OrdinaryDiffEqRosenbrock.RosenbrockCache{Vector{Float64}, Vector{Float64}, Float64, Vector{Float64}, Matrix{Float64}, Matrix{Float64}, OrdinaryDiffEqRosenbrockTableaus.RodasTableau{Float64, Float64, Vector{Float64}}, SciMLBase.TimeGradientWrapper{true, SciMLBase.ODEFunction{true, SciMLBase.AutoSpecialize, FunctionWrappersWrappers.FunctionWrappersWrapper{Tuple{FunctionWrappers.FunctionWrapper{Nothing, Tuple{Vector{Float64}, Vector{Float64}, Vector{Float64}, Float64}}, FunctionWrappers.FunctionWrapper{Nothing, Tuple{Vector{ForwardDiff.Dual{ForwardDiff.Tag{DiffEqBase.OrdinaryDiffEqTag, Float64}, Float64, 1}}, Vector{ForwardDiff.Dual{ForwardDiff.Tag{DiffEqBase.OrdinaryDiffEqTag, Float64}, Float64, 1}}, Vector{Float64}, Float64}}, FunctionWrappers.FunctionWrapper{Nothing, Tuple{Vector{ForwardDiff.Dual{ForwardDiff.Tag{DiffEqBase.OrdinaryDiffEqTag, Float64}, Float64, 1}}, Vector{Float64}, Vector{Float64}, ForwardDiff.Dual{ForwardDiff.Tag{DiffEqBase.OrdinaryDiffEqTag, Float64}, Float64, 1}}}, FunctionWrappers.FunctionWrapper{Nothing, Tuple{Vector{ForwardDiff.Dual{ForwardDiff.Tag{DiffEqBase.OrdinaryDiffEqTag, Float64}, Float64, 1}}, Vector{ForwardDiff.Dual{ForwardDiff.Tag{DiffEqBase.OrdinaryDiffEqTag, Float64}, Float64, 1}}, Vector{Float64}, ForwardDiff.Dual{ForwardDiff.Tag{DiffEqBase.OrdinaryDiffEqTag, Float64}, Float64, 1}}}}, FunctionWrappersWrappers.AllowNonIsBits, FunctionWrappersWrappers.SingleCacheStorage}, LinearAlgebra.Diagonal{Float64, Vector{Float64}}, Nothing, Nothing, Nothing, Nothing, Nothing, Nothing, Nothing, Nothing, Nothing, Nothing, Nothing, Nothing, typeof(SciMLBase.DEFAULT_OBSERVED), Nothing, NetworkDynamics.Network{NetworkDynamics.SequentialExecution{true}, Graphs.SimpleGraphs.SimpleGraph{Int64}, NetworkDynamics.NetworkLayer{Graphs.SimpleGraphs.SimpleGraph{Int64}, Tuple{NetworkDynamics.ComponentBatch{NetworkDynamics.EdgeModel, Nothing, NetworkDynamics.AntiSymmetric{typeof(GridSim._branch_current!)}, NetworkDynamics.PureFeedForward, Static.StaticInt{0}, Static.StaticInt{2}, @NamedTuple{src::Static.StaticInt{2}, dst::Static.StaticInt{2}}, @NamedTuple{src::Static.StaticInt{2}, dst::Static.StaticInt{2}}, Static.StaticInt{0}, Vector{Int64}}}, NetworkDynamics.SequentialAggregator{typeof(+)}}, Tuple{NetworkDynamics.ComponentBatch{NetworkDynamics.VertexModel, typeof(GridSim._detailed_machine_bus!), NetworkDynamics.StateMask{2, UnitRange{Int64}}, NetworkDynamics.PureStateMap, Static.StaticInt{8}, Static.StaticInt{27}, Static.StaticInt{2}, Static.StaticInt{2}, Static.StaticInt{0}, Vector{Int64}}, NetworkDynamics.ComponentBatch{NetworkDynamics.VertexModel, typeof(GridSim._detailed_passive_bus!), NetworkDynamics.StateMask{2, UnitRange{Int64}}, NetworkDynamics.PureStateMap, Static.StaticInt{2}, Static.StaticInt{4}, Static.StaticInt{2}, Static.StaticInt{2}, Static.StaticInt{0}, Vector{Int64}}}, LinearAlgebra.Diagonal{Float64, Vector{Float64}}, PreallocationTools.DiffCache{Vector{Float64}, Vector{Float64}}, NetworkDynamics.EagerGBufProvider{Vector{Int64}, PreallocationTools.DiffCache{Vector{Float64}, Vector{Float64}}}, Nothing, Nothing}, Nothing, Nothing}, Vector{Float64}, Vector{Float64}}, SciMLBase.UJacobianWrapper{true, SciMLBase.ODEFunction{true, SciMLBase.AutoSpecialize, FunctionWrappersWrappers.FunctionWrappersWrapper{Tuple{FunctionWrappers.FunctionWrapper{Nothing, Tuple{Vector{Float64}, Vector{Float64}, Vector{Float64}, Float64}}, FunctionWrappers.FunctionWrapper{Nothing, Tuple{Vector{ForwardDiff.Dual{ForwardDiff.Tag{DiffEqBase.OrdinaryDiffEqTag, Float64}, Float64, 1}}, Vector{ForwardDiff.Dual{ForwardDiff.Tag{DiffEqBase.OrdinaryDiffEqTag, Float64}, Float64, 1}}, Vector{Float64}, Float64}}, FunctionWrappers.FunctionWrapper{Nothing, Tuple{Vector{ForwardDiff.Dual{ForwardDiff.Tag{DiffEqBase.OrdinaryDiffEqTag, Float64}, Float64, 1}}, Vector{Float64}, Vector{Float64}, ForwardDiff.Dual{ForwardDiff.Tag{DiffEqBase.OrdinaryDiffEqTag, Float64}, Float64, 1}}}, FunctionWrappers.FunctionWrapper{Nothing, Tuple{Vector{ForwardDiff.Dual{ForwardDiff.Tag{DiffEqBase.OrdinaryDiffEqTag, Float64}, Float64, 1}}, Vector{ForwardDiff.Dual{ForwardDiff.Tag{DiffEqBase.OrdinaryDiffEqTag, Float64}, Float64, 1}}, Vector{Float64}, ForwardDiff.Dual{ForwardDiff.Tag{DiffEqBase.OrdinaryDiffEqTag, Float64}, Float64, 1}}}}, FunctionWrappersWrappers.AllowNonIsBits, FunctionWrappersWrappers.SingleCacheStorage}, LinearAlgebra.Diagonal{Float64, Vector{Float64}}, Nothing, Nothing, Nothing, Nothing, Nothing, Nothing, Nothing, Nothing, Nothing, Nothing, Nothing, Nothing, typeof(SciMLBase.DEFAULT_OBSERVED), Nothing, NetworkDynamics.Network{NetworkDynamics.SequentialExecution{true}, Graphs.SimpleGraphs.SimpleGraph{Int64}, NetworkDynamics.NetworkLayer{Graphs.SimpleGraphs.SimpleGraph{Int64}, Tuple{NetworkDynamics.ComponentBatch{NetworkDynamics.EdgeModel, Nothing, NetworkDynamics.AntiSymmetric{typeof(GridSim._branch_current!)}, NetworkDynamics.PureFeedForward, Static.StaticInt{0}, Static.StaticInt{2}, @NamedTuple{src::Static.StaticInt{2}, dst::Static.StaticInt{2}}, @NamedTuple{src::Static.StaticInt{2}, dst::Static.StaticInt{2}}, Static.StaticInt{0}, Vector{Int64}}}, NetworkDynamics.SequentialAggregator{typeof(+)}}, Tuple{NetworkDynamics.ComponentBatch{NetworkDynamics.VertexModel, typeof(GridSim._detailed_machine_bus!), NetworkDynamics.StateMask{2, UnitRange{Int64}}, NetworkDynamics.PureStateMap, Static.StaticInt{8}, Static.StaticInt{27}, Static.StaticInt{2}, Static.StaticInt{2}, Static.StaticInt{0}, Vector{Int64}}, NetworkDynamics.ComponentBatch{NetworkDynamics.VertexModel, typeof(GridSim._detailed_passive_bus!), NetworkDynamics.StateMask{2, UnitRange{Int64}}, NetworkDynamics.PureStateMap, Static.StaticInt{2}, Static.StaticInt{4}, Static.StaticInt{2}, Static.StaticInt{2}, Static.StaticInt{0}, Vector{Int64}}}, LinearAlgebra.Diagonal{Float64, Vector{Float64}}, PreallocationTools.DiffCache{Vector{Float64}, Vector{Float64}}, NetworkDynamics.EagerGBufProvider{Vector{Int64}, PreallocationTools.DiffCache{Vector{Float64}, Vector{Float64}}}, Nothing, Nothing}, Nothing, Nothing}, Float64, Vector{Float64}}, LinearSolve.LinearCache{Matrix{Float64}, Vector{Float64}, Vector{Float64}, Tuple{Nothing, Vector{Float64}, Vector{Float64}, Float64}, LinearSolve.DefaultLinearSolver, LinearSolve.DefaultLinearSolverInit{LinearAlgebra.LU{Float64, Matrix{Float64}, Vector{Int64}}, LinearAlgebra.QRCompactWY{Float64, Matrix{Float64}, Matrix{Float64}}, Nothing, Nothing, Nothing, Nothing, Nothing, Nothing, LinearSolve._GenericLUFactorizationCache{LinearAlgebra.LU{Float64, Matrix{Float64}, Vector{Int64}}, Vector{Int64}, Vector{Float64}}, Tuple{LinearAlgebra.LU{Float64, Matrix{Float64}, Vector{Int64}}, Vector{Int64}}, Nothing, Nothing, Nothing, LinearAlgebra.SVD{Float64, Float64, Matrix{Float64}, Vector{Float64}}, LinearAlgebra.Cholesky{Float64, Matrix{Float64}}, LinearAlgebra.Cholesky{Float64, Matrix{Float64}}, LinearSolve.AppleAccelerateLUCache{Matrix{Float64}, Vector{Int32}, Base.RefValue{Int32}}, Tuple{LinearAlgebra.LU{Float64, Matrix{Float64}, Vector{Int64}}, Base.RefValue{Int64}}, LinearAlgebra.QRPivoted{Float64, Matrix{Float64}, Vector{Float64}, Vector{Int64}}, Nothing, Nothing, Nothing, Nothing, Nothing, Nothing, Nothing, Matrix{Float64}, Vector{Float64}, Nothing}, SciMLOperators.IdentityOperator, SciMLOperators.IdentityOperator, Float64, LinearSolve.LinearVerbosity{true}, Bool, LinearSolve.LinearSolveAdjoint{Missing, Missing, Missing}, Nothing}, Tuple{DifferentiationInterfaceForwardDiffExt.ForwardDiffTwoArgJacobianPrep{Nothing, ForwardDiff.JacobianConfig{ForwardDiff.Tag{DiffEqBase.OrdinaryDiffEqTag, Float64}, Float64, 1, Tuple{Vector{ForwardDiff.Dual{ForwardDiff.Tag{DiffEqBase.OrdinaryDiffEqTag, Float64}, Float64, 1}}, Vector{ForwardDiff.Dual{ForwardDiff.Tag{DiffEqBase.OrdinaryDiffEqTag, Float64}, Float64, 1}}}}, Tuple{}}, DifferentiationInterfaceForwardDiffExt.ForwardDiffTwoArgJacobianPrep{Nothing, ForwardDiff.JacobianConfig{ForwardDiff.Tag{DiffEqBase.OrdinaryDiffEqTag, Float64}, Float64, 1, Tuple{Vector{ForwardDiff.Dual{ForwardDiff.Tag{DiffEqBase.OrdinaryDiffEqTag, Float64}, Float64, 1}}, Vector{ForwardDiff.Dual{ForwardDiff.Tag{DiffEqBase.OrdinaryDiffEqTag, Float64}, Float64, 1}}}}, Tuple{}}}, Tuple{DifferentiationInterfaceForwardDiffExt.ForwardDiffTwoArgDerivativePrep{Tuple{SciMLBase.TimeGradientWrapper{true, SciMLBase.ODEFunction{true, SciMLBase.AutoSpecialize, FunctionWrappersWrappers.FunctionWrappersWrapper{Tuple{FunctionWrappers.FunctionWrapper{Nothing, Tuple{Vector{Float64}, Vector{Float64}, Vector{Float64}, Float64}}, FunctionWrappers.FunctionWrapper{Nothing, Tuple{Vector{ForwardDiff.Dual{ForwardDiff.Tag{DiffEqBase.OrdinaryDiffEqTag, Float64}, Float64, 1}}, Vector{ForwardDiff.Dual{ForwardDiff.Tag{DiffEqBase.OrdinaryDiffEqTag, Float64}, Float64, 1}}, Vector{Float64}, Float64}}, FunctionWrappers.FunctionWrapper{Nothing, Tuple{Vector{ForwardDiff.Dual{ForwardDiff.Tag{DiffEqBase.OrdinaryDiffEqTag, Float64}, Float64, 1}}, Vector{Float64}, Vector{Float64}, ForwardDiff.Dual{ForwardDiff.Tag{DiffEqBase.OrdinaryDiffEqTag, Float64}, Float64, 1}}}, FunctionWrappers.FunctionWrapper{Nothing, Tuple{Vector{ForwardDiff.Dual{ForwardDiff.Tag{DiffEqBase.OrdinaryDiffEqTag, Float64}, Float64, 1}}, Vector{ForwardDiff.Dual{ForwardDiff.Tag{DiffEqBase.OrdinaryDiffEqTag, Float64}, Float64, 1}}, Vector{Float64}, ForwardDiff.Dual{ForwardDiff.Tag{DiffEqBase.OrdinaryDiffEqTag, Float64}, Float64, 1}}}}, FunctionWrappersWrappers.AllowNonIsBits, FunctionWrappersWrappers.SingleCacheStorage}, LinearAlgebra.Diagonal{Float64, Vector{Float64}}, Nothing, Nothing, Nothing, Nothing, Nothing, Nothing, Nothing, Nothing, Nothing, Nothing, Nothing, Nothing, typeof(SciMLBase.DEFAULT_OBSERVED), Nothing, NetworkDynamics.Network{NetworkDynamics.SequentialExecution{true}, Graphs.SimpleGraphs.SimpleGraph{Int64}, NetworkDynamics.NetworkLayer{Graphs.SimpleGraphs.SimpleGraph{Int64}, Tuple{NetworkDynamics.ComponentBatch{NetworkDynamics.EdgeModel, Nothing, NetworkDynamics.AntiSymmetric{typeof(GridSim._branch_current!)}, NetworkDynamics.PureFeedForward, Static.StaticInt{0}, Static.StaticInt{2}, @NamedTuple{src::Static.StaticInt{2}, dst::Static.StaticInt{2}}, @NamedTuple{src::Static.StaticInt{2}, dst::Static.StaticInt{2}}, Static.StaticInt{0}, Vector{Int64}}}, NetworkDynamics.SequentialAggregator{typeof(+)}}, Tuple{NetworkDynamics.ComponentBatch{NetworkDynamics.VertexModel, typeof(GridSim._detailed_machine_bus!), NetworkDynamics.StateMask{2, UnitRange{Int64}}, NetworkDynamics.PureStateMap, Static.StaticInt{8}, Static.StaticInt{27}, Static.StaticInt{2}, Static.StaticInt{2}, Static.StaticInt{0}, Vector{Int64}}, NetworkDynamics.ComponentBatch{NetworkDynamics.VertexModel, typeof(GridSim._detailed_passive_bus!), NetworkDynamics.StateMask{2, UnitRange{Int64}}, NetworkDynamics.PureStateMap, Static.StaticInt{2}, Static.StaticInt{4}, Static.StaticInt{2}, Static.StaticInt{2}, Static.StaticInt{0}, Vector{Int64}}}, LinearAlgebra.Diagonal{Float64, Vector{Float64}}, PreallocationTools.DiffCache{Vector{Float64}, Vector{Float64}}, NetworkDynamics.EagerGBufProvider{Vector{Int64}, PreallocationTools.DiffCache{Vector{Float64}, Vector{Float64}}}, Nothing, Nothing}, Nothing, Nothing}, Vector{Float64}, Vector{Float64}}, Vector{Float64}, ADTypes.AutoForwardDiff{1, ForwardDiff.Tag{DiffEqBase.OrdinaryDiffEqTag, Float64}}, Float64, Tuple{}}, Float64, ForwardDiff.DerivativeConfig{ForwardDiff.Tag{DiffEqBase.OrdinaryDiffEqTag, Float64}, Vector{ForwardDiff.Dual{ForwardDiff.Tag{DiffEqBase.OrdinaryDiffEqTag, Float64}, Float64, 1}}}, Tuple{}}, DifferentiationInterfaceForwardDiffExt.ForwardDiffTwoArgDerivativePrep{Tuple{SciMLBase.TimeGradientWrapper{true, SciMLBase.ODEFunction{true, SciMLBase.AutoSpecialize, FunctionWrappersWrappers.FunctionWrappersWrapper{Tuple{FunctionWrappers.FunctionWrapper{Nothing, Tuple{Vector{Float64}, Vector{Float64}, Vector{Float64}, Float64}}, FunctionWrappers.FunctionWrapper{Nothing, Tuple{Vector{ForwardDiff.Dual{ForwardDiff.Tag{DiffEqBase.OrdinaryDiffEqTag, Float64}, Float64, 1}}, Vector{ForwardDiff.Dual{ForwardDiff.Tag{DiffEqBase.OrdinaryDiffEqTag, Float64}, Float64, 1}}, Vector{Float64}, Float64}}, FunctionWrappers.FunctionWrapper{Nothing, Tuple{Vector{ForwardDiff.Dual{ForwardDiff.Tag{DiffEqBase.OrdinaryDiffEqTag, Float64}, Float64, 1}}, Vector{Float64}, Vector{Float64}, ForwardDiff.Dual{ForwardDiff.Tag{DiffEqBase.OrdinaryDiffEqTag, Float64}, Float64, 1}}}, FunctionWrappers.FunctionWrapper{Nothing, Tuple{Vector{ForwardDiff.Dual{ForwardDiff.Tag{DiffEqBase.OrdinaryDiffEqTag, Float64}, Float64, 1}}, Vector{ForwardDiff.Dual{ForwardDiff.Tag{DiffEqBase.OrdinaryDiffEqTag, Float64}, Float64, 1}}, Vector{Float64}, ForwardDiff.Dual{ForwardDiff.Tag{DiffEqBase.OrdinaryDiffEqTag, Float64}, Float64, 1}}}}, FunctionWrappersWrappers.AllowNonIsBits, FunctionWrappersWrappers.SingleCacheStorage}, LinearAlgebra.Diagonal{Float64, Vector{Float64}}, Nothing, Nothing, Nothing, Nothing, Nothing, Nothing, Nothing, Nothing, Nothing, Nothing, Nothing, Nothing, typeof(SciMLBase.DEFAULT_OBSERVED), Nothing, NetworkDynamics.Network{NetworkDynamics.SequentialExecution{true}, Graphs.SimpleGraphs.SimpleGraph{Int64}, NetworkDynamics.NetworkLayer{Graphs.SimpleGraphs.SimpleGraph{Int64}, Tuple{NetworkDynamics.ComponentBatch{NetworkDynamics.EdgeModel, Nothing, NetworkDynamics.AntiSymmetric{typeof(GridSim._branch_current!)}, NetworkDynamics.PureFeedForward, Static.StaticInt{0}, Static.StaticInt{2}, @NamedTuple{src::Static.StaticInt{2}, dst::Static.StaticInt{2}}, @NamedTuple{src::Static.StaticInt{2}, dst::Static.StaticInt{2}}, Static.StaticInt{0}, Vector{Int64}}}, NetworkDynamics.SequentialAggregator{typeof(+)}}, Tuple{NetworkDynamics.ComponentBatch{NetworkDynamics.VertexModel, typeof(GridSim._detailed_machine_bus!), NetworkDynamics.StateMask{2, UnitRange{Int64}}, NetworkDynamics.PureStateMap, Static.StaticInt{8}, Static.StaticInt{27}, Static.StaticInt{2}, Static.StaticInt{2}, Static.StaticInt{0}, Vector{Int64}}, NetworkDynamics.ComponentBatch{NetworkDynamics.VertexModel, typeof(GridSim._detailed_passive_bus!), NetworkDynamics.StateMask{2, UnitRange{Int64}}, NetworkDynamics.PureStateMap, Static.StaticInt{2}, Static.StaticInt{4}, Static.StaticInt{2}, Static.StaticInt{2}, Static.StaticInt{0}, Vector{Int64}}}, LinearAlgebra.Diagonal{Float64, Vector{Float64}}, PreallocationTools.DiffCache{Vector{Float64}, Vector{Float64}}, NetworkDynamics.EagerGBufProvider{Vector{Int64}, PreallocationTools.DiffCache{Vector{Float64}, Vector{Float64}}}, Nothing, Nothing}, Nothing, Nothing}, Vector{Float64}, Vector{Float64}}, Vector{Float64}, ADTypes.AutoForwardDiff{1, ForwardDiff.Tag{DiffEqBase.OrdinaryDiffEqTag, Float64}}, Float64, Tuple{}}, Float64, ForwardDiff.DerivativeConfig{ForwardDiff.Tag{DiffEqBase.OrdinaryDiffEqTag, Float64}, Vector{ForwardDiff.Dual{ForwardDiff.Tag{DiffEqBase.OrdinaryDiffEqTag, Float64}, Float64, 1}}}, Tuple{}}}, Float64, OrdinaryDiffEqRosenbrock.Rodas5P{ADTypes.AutoForwardDiff{1, ForwardDiff.Tag{DiffEqBase.OrdinaryDiffEqTag, Float64}}, Nothing, typeof(OrdinaryDiffEqCore.trivial_limiter!), typeof(OrdinaryDiffEqCore.trivial_limiter!), Nothing}, typeof(OrdinaryDiffEqCore.trivial_limiter!), typeof(OrdinaryDiffEqCore.trivial_limiter!), OrdinaryDiffEqRosenbrock.JacReuseState{Float64, Matrix{Float64}, Vector{Float64}, Matrix{Float64}}}, BitVector}, SciMLBase.DEStats, Nothing, Nothing, Nothing, Nothing, Nothing, SciMLBase.ReturnCode.T}, SciMLBase.ODEFunction{true, SciMLBase.AutoSpecialize, FunctionWrappersWrappers.FunctionWrappersWrapper{Tuple{FunctionWrappers.FunctionWrapper{Nothing, Tuple{Vector{Float64}, Vector{Float64}, Vector{Float64}, Float64}}, FunctionWrappers.FunctionWrapper{Nothing, Tuple{Vector{ForwardDiff.Dual{ForwardDiff.Tag{DiffEqBase.OrdinaryDiffEqTag, Float64}, Float64, 1}}, Vector{ForwardDiff.Dual{ForwardDiff.Tag{DiffEqBase.OrdinaryDiffEqTag, Float64}, Float64, 1}}, Vector{Float64}, Float64}}, FunctionWrappers.FunctionWrapper{Nothing, Tuple{Vector{ForwardDiff.Dual{ForwardDiff.Tag{DiffEqBase.OrdinaryDiffEqTag, Float64}, Float64, 1}}, Vector{Float64}, Vector{Float64}, ForwardDiff.Dual{ForwardDiff.Tag{DiffEqBase.OrdinaryDiffEqTag, Float64}, Float64, 1}}}, FunctionWrappers.FunctionWrapper{Nothing, Tuple{Vector{ForwardDiff.Dual{ForwardDiff.Tag{DiffEqBase.OrdinaryDiffEqTag, Float64}, Float64, 1}}, Vector{ForwardDiff.Dual{ForwardDiff.Tag{DiffEqBase.OrdinaryDiffEqTag, Float64}, Float64, 1}}, Vector{Float64}, ForwardDiff.Dual{ForwardDiff.Tag{DiffEqBase.OrdinaryDiffEqTag, Float64}, Float64, 1}}}}, FunctionWrappersWrappers.AllowNonIsBits, FunctionWrappersWrappers.SingleCacheStorage}, LinearAlgebra.Diagonal{Float64, Vector{Float64}}, Nothing, Nothing, Nothing, Nothing, Nothing, Nothing, Nothing, Nothing, Nothing, Nothing, Nothing, Nothing, typeof(SciMLBase.DEFAULT_OBSERVED), Nothing, NetworkDynamics.Network{NetworkDynamics.SequentialExecution{true}, Graphs.SimpleGraphs.SimpleGraph{Int64}, NetworkDynamics.NetworkLayer{Graphs.SimpleGraphs.SimpleGraph{Int64}, Tuple{NetworkDynamics.ComponentBatch{NetworkDynamics.EdgeModel, Nothing, NetworkDynamics.AntiSymmetric{typeof(GridSim._branch_current!)}, NetworkDynamics.PureFeedForward, Static.StaticInt{0}, Static.StaticInt{2}, @NamedTuple{src::Static.StaticInt{2}, dst::Static.StaticInt{2}}, @NamedTuple{src::Static.StaticInt{2}, dst::Static.StaticInt{2}}, Static.StaticInt{0}, Vector{Int64}}}, NetworkDynamics.SequentialAggregator{typeof(+)}}, Tuple{NetworkDynamics.ComponentBatch{NetworkDynamics.VertexModel, typeof(GridSim._detailed_machine_bus!), NetworkDynamics.StateMask{2, UnitRange{Int64}}, NetworkDynamics.PureStateMap, Static.StaticInt{8}, Static.StaticInt{27}, Static.StaticInt{2}, Static.StaticInt{2}, Static.StaticInt{0}, Vector{Int64}}, NetworkDynamics.ComponentBatch{NetworkDynamics.VertexModel, typeof(GridSim._detailed_passive_bus!), NetworkDynamics.StateMask{2, UnitRange{Int64}}, NetworkDynamics.PureStateMap, Static.StaticInt{2}, Static.StaticInt{4}, Static.StaticInt{2}, Static.StaticInt{2}, Static.StaticInt{0}, Vector{Int64}}}, LinearAlgebra.Diagonal{Float64, Vector{Float64}}, PreallocationTools.DiffCache{Vector{Float64}, Vector{Float64}}, NetworkDynamics.EagerGBufProvider{Vector{Int64}, PreallocationTools.DiffCache{Vector{Float64}, Vector{Float64}}}, Nothing, Nothing}, Nothing, Nothing}, OrdinaryDiffEqRosenbrock.RosenbrockCache{Vector{Float64}, Vector{Float64}, Float64, Vector{Float64}, Matrix{Float64}, Matrix{Float64}, OrdinaryDiffEqRosenbrockTableaus.RodasTableau{Float64, Float64, Vector{Float64}}, SciMLBase.TimeGradientWrapper{true, SciMLBase.ODEFunction{true, SciMLBase.AutoSpecialize, FunctionWrappersWrappers.FunctionWrappersWrapper{Tuple{FunctionWrappers.FunctionWrapper{Nothing, Tuple{Vector{Float64}, Vector{Float64}, Vector{Float64}, Float64}}, FunctionWrappers.FunctionWrapper{Nothing, Tuple{Vector{ForwardDiff.Dual{ForwardDiff.Tag{DiffEqBase.OrdinaryDiffEqTag, Float64}, Float64, 1}}, Vector{ForwardDiff.Dual{ForwardDiff.Tag{DiffEqBase.OrdinaryDiffEqTag, Float64}, Float64, 1}}, Vector{Float64}, Float64}}, FunctionWrappers.FunctionWrapper{Nothing, Tuple{Vector{ForwardDiff.Dual{ForwardDiff.Tag{DiffEqBase.OrdinaryDiffEqTag, Float64}, Float64, 1}}, Vector{Float64}, Vector{Float64}, ForwardDiff.Dual{ForwardDiff.Tag{DiffEqBase.OrdinaryDiffEqTag, Float64}, Float64, 1}}}, FunctionWrappers.FunctionWrapper{Nothing, Tuple{Vector{ForwardDiff.Dual{ForwardDiff.Tag{DiffEqBase.OrdinaryDiffEqTag, Float64}, Float64, 1}}, Vector{ForwardDiff.Dual{ForwardDiff.Tag{DiffEqBase.OrdinaryDiffEqTag, Float64}, Float64, 1}}, Vector{Float64}, ForwardDiff.Dual{ForwardDiff.Tag{DiffEqBase.OrdinaryDiffEqTag, Float64}, Float64, 1}}}}, FunctionWrappersWrappers.AllowNonIsBits, FunctionWrappersWrappers.SingleCacheStorage}, LinearAlgebra.Diagonal{Float64, Vector{Float64}}, Nothing, Nothing, Nothing, Nothing, Nothing, Nothing, Nothing, Nothing, Nothing, Nothing, Nothing, Nothing, typeof(SciMLBase.DEFAULT_OBSERVED), Nothing, NetworkDynamics.Network{NetworkDynamics.SequentialExecution{true}, Graphs.SimpleGraphs.SimpleGraph{Int64}, NetworkDynamics.NetworkLayer{Graphs.SimpleGraphs.SimpleGraph{Int64}, Tuple{NetworkDynamics.ComponentBatch{NetworkDynamics.EdgeModel, Nothing, NetworkDynamics.AntiSymmetric{typeof(GridSim._branch_current!)}, NetworkDynamics.PureFeedForward, Static.StaticInt{0}, Static.StaticInt{2}, @NamedTuple{src::Static.StaticInt{2}, dst::Static.StaticInt{2}}, @NamedTuple{src::Static.StaticInt{2}, dst::Static.StaticInt{2}}, Static.StaticInt{0}, Vector{Int64}}}, NetworkDynamics.SequentialAggregator{typeof(+)}}, Tuple{NetworkDynamics.ComponentBatch{NetworkDynamics.VertexModel, typeof(GridSim._detailed_machine_bus!), NetworkDynamics.StateMask{2, UnitRange{Int64}}, NetworkDynamics.PureStateMap, Static.StaticInt{8}, Static.StaticInt{27}, Static.StaticInt{2}, Static.StaticInt{2}, Static.StaticInt{0}, Vector{Int64}}, NetworkDynamics.ComponentBatch{NetworkDynamics.VertexModel, typeof(GridSim._detailed_passive_bus!), NetworkDynamics.StateMask{2, UnitRange{Int64}}, NetworkDynamics.PureStateMap, Static.StaticInt{2}, Static.StaticInt{4}, Static.StaticInt{2}, Static.StaticInt{2}, Static.StaticInt{0}, Vector{Int64}}}, LinearAlgebra.Diagonal{Float64, Vector{Float64}}, PreallocationTools.DiffCache{Vector{Float64}, Vector{Float64}}, NetworkDynamics.EagerGBufProvider{Vector{Int64}, PreallocationTools.DiffCache{Vector{Float64}, Vector{Float64}}}, Nothing, Nothing}, Nothing, Nothing}, Vector{Float64}, Vector{Float64}}, SciMLBase.UJacobianWrapper{true, SciMLBase.ODEFunction{true, SciMLBase.AutoSpecialize, FunctionWrappersWrappers.FunctionWrappersWrapper{Tuple{FunctionWrappers.FunctionWrapper{Nothing, Tuple{Vector{Float64}, Vector{Float64}, Vector{Float64}, Float64}}, FunctionWrappers.FunctionWrapper{Nothing, Tuple{Vector{ForwardDiff.Dual{ForwardDiff.Tag{DiffEqBase.OrdinaryDiffEqTag, Float64}, Float64, 1}}, Vector{ForwardDiff.Dual{ForwardDiff.Tag{DiffEqBase.OrdinaryDiffEqTag, Float64}, Float64, 1}}, Vector{Float64}, Float64}}, FunctionWrappers.FunctionWrapper{Nothing, Tuple{Vector{ForwardDiff.Dual{ForwardDiff.Tag{DiffEqBase.OrdinaryDiffEqTag, Float64}, Float64, 1}}, Vector{Float64}, Vector{Float64}, ForwardDiff.Dual{ForwardDiff.Tag{DiffEqBase.OrdinaryDiffEqTag, Float64}, Float64, 1}}}, FunctionWrappers.FunctionWrapper{Nothing, Tuple{Vector{ForwardDiff.Dual{ForwardDiff.Tag{DiffEqBase.OrdinaryDiffEqTag, Float64}, Float64, 1}}, Vector{ForwardDiff.Dual{ForwardDiff.Tag{DiffEqBase.OrdinaryDiffEqTag, Float64}, Float64, 1}}, Vector{Float64}, ForwardDiff.Dual{ForwardDiff.Tag{DiffEqBase.OrdinaryDiffEqTag, Float64}, Float64, 1}}}}, FunctionWrappersWrappers.AllowNonIsBits, FunctionWrappersWrappers.SingleCacheStorage}, LinearAlgebra.Diagonal{Float64, Vector{Float64}}, Nothing, Nothing, Nothing, Nothing, Nothing, Nothing, Nothing, Nothing, Nothing, Nothing, Nothing, Nothing, typeof(SciMLBase.DEFAULT_OBSERVED), Nothing, NetworkDynamics.Network{NetworkDynamics.SequentialExecution{true}, Graphs.SimpleGraphs.SimpleGraph{Int64}, NetworkDynamics.NetworkLayer{Graphs.SimpleGraphs.SimpleGraph{Int64}, Tuple{NetworkDynamics.ComponentBatch{NetworkDynamics.EdgeModel, Nothing, NetworkDynamics.AntiSymmetric{typeof(GridSim._branch_current!)}, NetworkDynamics.PureFeedForward, Static.StaticInt{0}, Static.StaticInt{2}, @NamedTuple{src::Static.StaticInt{2}, dst::Static.StaticInt{2}}, @NamedTuple{src::Static.StaticInt{2}, dst::Static.StaticInt{2}}, Static.StaticInt{0}, Vector{Int64}}}, NetworkDynamics.SequentialAggregator{typeof(+)}}, Tuple{NetworkDynamics.ComponentBatch{NetworkDynamics.VertexModel, typeof(GridSim._detailed_machine_bus!), NetworkDynamics.StateMask{2, UnitRange{Int64}}, NetworkDynamics.PureStateMap, Static.StaticInt{8}, Static.StaticInt{27}, Static.StaticInt{2}, Static.StaticInt{2}, Static.StaticInt{0}, Vector{Int64}}, NetworkDynamics.ComponentBatch{NetworkDynamics.VertexModel, typeof(GridSim._detailed_passive_bus!), NetworkDynamics.StateMask{2, UnitRange{Int64}}, NetworkDynamics.PureStateMap, Static.StaticInt{2}, Static.StaticInt{4}, Static.StaticInt{2}, Static.StaticInt{2}, Static.StaticInt{0}, Vector{Int64}}}, LinearAlgebra.Diagonal{Float64, Vector{Float64}}, PreallocationTools.DiffCache{Vector{Float64}, Vector{Float64}}, NetworkDynamics.EagerGBufProvider{Vector{Int64}, PreallocationTools.DiffCache{Vector{Float64}, Vector{Float64}}}, Nothing, Nothing}, Nothing, Nothing}, Float64, Vector{Float64}}, LinearSolve.LinearCache{Matrix{Float64}, Vector{Float64}, Vector{Float64}, Tuple{Nothing, Vector{Float64}, Vector{Float64}, Float64}, LinearSolve.DefaultLinearSolver, LinearSolve.DefaultLinearSolverInit{LinearAlgebra.LU{Float64, Matrix{Float64}, Vector{Int64}}, LinearAlgebra.QRCompactWY{Float64, Matrix{Float64}, Matrix{Float64}}, Nothing, Nothing, Nothing, Nothing, Nothing, Nothing, LinearSolve._GenericLUFactorizationCache{LinearAlgebra.LU{Float64, Matrix{Float64}, Vector{Int64}}, Vector{Int64}, Vector{Float64}}, Tuple{LinearAlgebra.LU{Float64, Matrix{Float64}, Vector{Int64}}, Vector{Int64}}, Nothing, Nothing, Nothing, LinearAlgebra.SVD{Float64, Float64, Matrix{Float64}, Vector{Float64}}, LinearAlgebra.Cholesky{Float64, Matrix{Float64}}, LinearAlgebra.Cholesky{Float64, Matrix{Float64}}, LinearSolve.AppleAccelerateLUCache{Matrix{Float64}, Vector{Int32}, Base.RefValue{Int32}}, Tuple{LinearAlgebra.LU{Float64, Matrix{Float64}, Vector{Int64}}, Base.RefValue{Int64}}, LinearAlgebra.QRPivoted{Float64, Matrix{Float64}, Vector{Float64}, Vector{Int64}}, Nothing, Nothing, Nothing, Nothing, Nothing, Nothing, Nothing, Matrix{Float64}, Vector{Float64}, Nothing}, SciMLOperators.IdentityOperator, SciMLOperators.IdentityOperator, Float64, LinearSolve.LinearVerbosity{true}, Bool, LinearSolve.LinearSolveAdjoint{Missing, Missing, Missing}, Nothing}, Tuple{DifferentiationInterfaceForwardDiffExt.ForwardDiffTwoArgJacobianPrep{Nothing, ForwardDiff.JacobianConfig{ForwardDiff.Tag{DiffEqBase.OrdinaryDiffEqTag, Float64}, Float64, 1, Tuple{Vector{ForwardDiff.Dual{ForwardDiff.Tag{DiffEqBase.OrdinaryDiffEqTag, Float64}, Float64, 1}}, Vector{ForwardDiff.Dual{ForwardDiff.Tag{DiffEqBase.OrdinaryDiffEqTag, Float64}, Float64, 1}}}}, Tuple{}}, DifferentiationInterfaceForwardDiffExt.ForwardDiffTwoArgJacobianPrep{Nothing, ForwardDiff.JacobianConfig{ForwardDiff.Tag{DiffEqBase.OrdinaryDiffEqTag, Float64}, Float64, 1, Tuple{Vector{ForwardDiff.Dual{ForwardDiff.Tag{DiffEqBase.OrdinaryDiffEqTag, Float64}, Float64, 1}}, Vector{ForwardDiff.Dual{ForwardDiff.Tag{DiffEqBase.OrdinaryDiffEqTag, Float64}, Float64, 1}}}}, Tuple{}}}, Tuple{DifferentiationInterfaceForwardDiffExt.ForwardDiffTwoArgDerivativePrep{Tuple{SciMLBase.TimeGradientWrapper{true, SciMLBase.ODEFunction{true, SciMLBase.AutoSpecialize, FunctionWrappersWrappers.FunctionWrappersWrapper{Tuple{FunctionWrappers.FunctionWrapper{Nothing, Tuple{Vector{Float64}, Vector{Float64}, Vector{Float64}, Float64}}, FunctionWrappers.FunctionWrapper{Nothing, Tuple{Vector{ForwardDiff.Dual{ForwardDiff.Tag{DiffEqBase.OrdinaryDiffEqTag, Float64}, Float64, 1}}, Vector{ForwardDiff.Dual{ForwardDiff.Tag{DiffEqBase.OrdinaryDiffEqTag, Float64}, Float64, 1}}, Vector{Float64}, Float64}}, FunctionWrappers.FunctionWrapper{Nothing, Tuple{Vector{ForwardDiff.Dual{ForwardDiff.Tag{DiffEqBase.OrdinaryDiffEqTag, Float64}, Float64, 1}}, Vector{Float64}, Vector{Float64}, ForwardDiff.Dual{ForwardDiff.Tag{DiffEqBase.OrdinaryDiffEqTag, Float64}, Float64, 1}}}, FunctionWrappers.FunctionWrapper{Nothing, Tuple{Vector{ForwardDiff.Dual{ForwardDiff.Tag{DiffEqBase.OrdinaryDiffEqTag, Float64}, Float64, 1}}, Vector{ForwardDiff.Dual{ForwardDiff.Tag{DiffEqBase.OrdinaryDiffEqTag, Float64}, Float64, 1}}, Vector{Float64}, ForwardDiff.Dual{ForwardDiff.Tag{DiffEqBase.OrdinaryDiffEqTag, Float64}, Float64, 1}}}}, FunctionWrappersWrappers.AllowNonIsBits, FunctionWrappersWrappers.SingleCacheStorage}, LinearAlgebra.Diagonal{Float64, Vector{Float64}}, Nothing, Nothing, Nothing, Nothing, Nothing, Nothing, Nothing, Nothing, Nothing, Nothing, Nothing, Nothing, typeof(SciMLBase.DEFAULT_OBSERVED), Nothing, NetworkDynamics.Network{NetworkDynamics.SequentialExecution{true}, Graphs.SimpleGraphs.SimpleGraph{Int64}, NetworkDynamics.NetworkLayer{Graphs.SimpleGraphs.SimpleGraph{Int64}, Tuple{NetworkDynamics.ComponentBatch{NetworkDynamics.EdgeModel, Nothing, NetworkDynamics.AntiSymmetric{typeof(GridSim._branch_current!)}, NetworkDynamics.PureFeedForward, Static.StaticInt{0}, Static.StaticInt{2}, @NamedTuple{src::Static.StaticInt{2}, dst::Static.StaticInt{2}}, @NamedTuple{src::Static.StaticInt{2}, dst::Static.StaticInt{2}}, Static.StaticInt{0}, Vector{Int64}}}, NetworkDynamics.SequentialAggregator{typeof(+)}}, Tuple{NetworkDynamics.ComponentBatch{NetworkDynamics.VertexModel, typeof(GridSim._detailed_machine_bus!), NetworkDynamics.StateMask{2, UnitRange{Int64}}, NetworkDynamics.PureStateMap, Static.StaticInt{8}, Static.StaticInt{27}, Static.StaticInt{2}, Static.StaticInt{2}, Static.StaticInt{0}, Vector{Int64}}, NetworkDynamics.ComponentBatch{NetworkDynamics.VertexModel, typeof(GridSim._detailed_passive_bus!), NetworkDynamics.StateMask{2, UnitRange{Int64}}, NetworkDynamics.PureStateMap, Static.StaticInt{2}, Static.StaticInt{4}, Static.StaticInt{2}, Static.StaticInt{2}, Static.StaticInt{0}, Vector{Int64}}}, LinearAlgebra.Diagonal{Float64, Vector{Float64}}, PreallocationTools.DiffCache{Vector{Float64}, Vector{Float64}}, NetworkDynamics.EagerGBufProvider{Vector{Int64}, PreallocationTools.DiffCache{Vector{Float64}, Vector{Float64}}}, Nothing, Nothing}, Nothing, Nothing}, Vector{Float64}, Vector{Float64}}, Vector{Float64}, ADTypes.AutoForwardDiff{1, ForwardDiff.Tag{DiffEqBase.OrdinaryDiffEqTag, Float64}}, Float64, Tuple{}}, Float64, ForwardDiff.DerivativeConfig{ForwardDiff.Tag{DiffEqBase.OrdinaryDiffEqTag, Float64}, Vector{ForwardDiff.Dual{ForwardDiff.Tag{DiffEqBase.OrdinaryDiffEqTag, Float64}, Float64, 1}}}, Tuple{}}, DifferentiationInterfaceForwardDiffExt.ForwardDiffTwoArgDerivativePrep{Tuple{SciMLBase.TimeGradientWrapper{true, SciMLBase.ODEFunction{true, SciMLBase.AutoSpecialize, FunctionWrappersWrappers.FunctionWrappersWrapper{Tuple{FunctionWrappers.FunctionWrapper{Nothing, Tuple{Vector{Float64}, Vector{Float64}, Vector{Float64}, Float64}}, FunctionWrappers.FunctionWrapper{Nothing, Tuple{Vector{ForwardDiff.Dual{ForwardDiff.Tag{DiffEqBase.OrdinaryDiffEqTag, Float64}, Float64, 1}}, Vector{ForwardDiff.Dual{ForwardDiff.Tag{DiffEqBase.OrdinaryDiffEqTag, Float64}, Float64, 1}}, Vector{Float64}, Float64}}, FunctionWrappers.FunctionWrapper{Nothing, Tuple{Vector{ForwardDiff.Dual{ForwardDiff.Tag{DiffEqBase.OrdinaryDiffEqTag, Float64}, Float64, 1}}, Vector{Float64}, Vector{Float64}, ForwardDiff.Dual{ForwardDiff.Tag{DiffEqBase.OrdinaryDiffEqTag, Float64}, Float64, 1}}}, FunctionWrappers.FunctionWrapper{Nothing, Tuple{Vector{ForwardDiff.Dual{ForwardDiff.Tag{DiffEqBase.OrdinaryDiffEqTag, Float64}, Float64, 1}}, Vector{ForwardDiff.Dual{ForwardDiff.Tag{DiffEqBase.OrdinaryDiffEqTag, Float64}, Float64, 1}}, Vector{Float64}, ForwardDiff.Dual{ForwardDiff.Tag{DiffEqBase.OrdinaryDiffEqTag, Float64}, Float64, 1}}}}, FunctionWrappersWrappers.AllowNonIsBits, FunctionWrappersWrappers.SingleCacheStorage}, LinearAlgebra.Diagonal{Float64, Vector{Float64}}, Nothing, Nothing, Nothing, Nothing, Nothing, Nothing, Nothing, Nothing, Nothing, Nothing, Nothing, Nothing, typeof(SciMLBase.DEFAULT_OBSERVED), Nothing, NetworkDynamics.Network{NetworkDynamics.SequentialExecution{true}, Graphs.SimpleGraphs.SimpleGraph{Int64}, NetworkDynamics.NetworkLayer{Graphs.SimpleGraphs.SimpleGraph{Int64}, Tuple{NetworkDynamics.ComponentBatch{NetworkDynamics.EdgeModel, Nothing, NetworkDynamics.AntiSymmetric{typeof(GridSim._branch_current!)}, NetworkDynamics.PureFeedForward, Static.StaticInt{0}, Static.StaticInt{2}, @NamedTuple{src::Static.StaticInt{2}, dst::Static.StaticInt{2}}, @NamedTuple{src::Static.StaticInt{2}, dst::Static.StaticInt{2}}, Static.StaticInt{0}, Vector{Int64}}}, NetworkDynamics.SequentialAggregator{typeof(+)}}, Tuple{NetworkDynamics.ComponentBatch{NetworkDynamics.VertexModel, typeof(GridSim._detailed_machine_bus!), NetworkDynamics.StateMask{2, UnitRange{Int64}}, NetworkDynamics.PureStateMap, Static.StaticInt{8}, Static.StaticInt{27}, Static.StaticInt{2}, Static.StaticInt{2}, Static.StaticInt{0}, Vector{Int64}}, NetworkDynamics.ComponentBatch{NetworkDynamics.VertexModel, typeof(GridSim._detailed_passive_bus!), NetworkDynamics.StateMask{2, UnitRange{Int64}}, NetworkDynamics.PureStateMap, Static.StaticInt{2}, Static.StaticInt{4}, Static.StaticInt{2}, Static.StaticInt{2}, Static.StaticInt{0}, Vector{Int64}}}, LinearAlgebra.Diagonal{Float64, Vector{Float64}}, PreallocationTools.DiffCache{Vector{Float64}, Vector{Float64}}, NetworkDynamics.EagerGBufProvider{Vector{Int64}, PreallocationTools.DiffCache{Vector{Float64}, Vector{Float64}}}, Nothing, Nothing}, Nothing, Nothing}, Vector{Float64}, Vector{Float64}}, Vector{Float64}, ADTypes.AutoForwardDiff{1, ForwardDiff.Tag{DiffEqBase.OrdinaryDiffEqTag, Float64}}, Float64, Tuple{}}, Float64, ForwardDiff.DerivativeConfig{ForwardDiff.Tag{DiffEqBase.OrdinaryDiffEqTag, Float64}, Vector{ForwardDiff.Dual{ForwardDiff.Tag{DiffEqBase.OrdinaryDiffEqTag, Float64}, Float64, 1}}}, Tuple{}}}, Float64, OrdinaryDiffEqRosenbrock.Rodas5P{ADTypes.AutoForwardDiff{1, ForwardDiff.Tag{DiffEqBase.OrdinaryDiffEqTag, Float64}}, Nothing, typeof(OrdinaryDiffEqCore.trivial_limiter!), typeof(OrdinaryDiffEqCore.trivial_limiter!), Nothing}, typeof(OrdinaryDiffEqCore.trivial_limiter!), typeof(OrdinaryDiffEqCore.trivial_limiter!), OrdinaryDiffEqRosenbrock.JacReuseState{Float64, Matrix{Float64}, Vector{Float64}, Matrix{Float64}}}, OrdinaryDiffEqCore.DEOptions{Float64, Float64, Float64, Float64, typeof(DiffEqBase.ODE_DEFAULT_NORM), typeof(LinearAlgebra.opnorm), Nothing, SciMLBase.CallbackSet{Vector{Any}, Vector{Any}}, typeof(DiffEqBase.ODE_DEFAULT_ISOUTOFDOMAIN), typeof(DiffEqBase.ODE_DEFAULT_PROG_MESSAGE), typeof(DiffEqBase.ODE_DEFAULT_UNSTABLE_CHECK), BinaryHeaps.BinaryHeap{Float64, BinaryHeaps.FasterForward}, BinaryHeaps.BinaryHeap{Float64, BinaryHeaps.FasterForward}, Nothing, Nothing, Int64, Tuple{}, Tuple{}, Tuple{}, DiffEqBase.DEVerbosity{true, SciMLLogging.Minimal, SciMLLogging.Minimal}, Nothing, typeof(OrdinaryDiffEqCore.trivial_limiter!), typeof(OrdinaryDiffEqCore.trivial_limiter!)}, Vector{Float64}, Float64, Union{Nothing, DiffEqBase.CallbackCache{Vector{Float64}, Vector{Float64}}}, DiffEqBase.BrownFullBasicInit{Float64, Nothing}, BitVector, OrdinaryDiffEqCore.PIControllerCache{Float64, Float64, SciMLBase.IntervalNonlinearProblem{false, Vector{Float64}, SciMLBase.NullParameters, SciMLBase.IntervalNonlinearFunction{false, SciMLBase.AutoSpecialize, FunctionWrappers.FunctionWrapper{Float64, Tuple{Float64, SciMLBase.NullParameters}}, Nothing, typeof(SciMLBase.DEFAULT_OBSERVED_NO_TIME), Nothing, Nothing}, Base.Pairs{Symbol, Union{}, Nothing, @NamedTuple{}}, SciMLBase.StandardNonlinearProblem}}, Random.TaskLocalRNG, Nothing, Nothing, Nothing, Nothing, Nothing, Nothing}, GridSim.TrajectoryRecorder{(:t, :δ_G1, :δ_G_inf, :ω_G1, :ω_G_inf, :E′q_G1, :E′q_G_inf, :E′d_G1, :E′d_G_inf, :Efd_G1, :Efd_G_inf, :V_B1, :V_B2, :V_B3, :V_B4, :δ_coi, :f_coi), 17}}) at detailed.jl:1702
└ @ Core W:\Claude_projects\GridSim\src\engines\detailed.jl:1702
┌ Warning: `u_modified!(i::DEIntegrator, bool)` is deprecated, use `derivative_discontinuity!(i, bool)` instead.
│   caller = clamped_run(net::NetworkModel, Efd_cap::Float64; h::Float64, T::Float64, trip_at::Float64, saveat::Float64, reltol::Float64, abstol::Float64) at helpers.jl:635
└ @ Core W:\Claude_projects\GridSim\test\helpers.jl:635
┌ Warning: `u_modified!(i::DEIntegrator, bool)` is deprecated, use `derivative_discontinuity!(i, bool)` instead.
│   caller = _reinitialise_algebraic!(eng::DetailedEngine{NetworkDynamics.Network{NetworkDynamics.SequentialExecution{true}, Graphs.SimpleGraphs.SimpleGraph{Int64}, NetworkDynamics.NetworkLayer{Graphs.SimpleGraphs.SimpleGraph{Int64}, Tuple{NetworkDynamics.ComponentBatch{NetworkDynamics.EdgeModel, Nothing, NetworkDynamics.AntiSymmetric{typeof(GridSim._branch_current!)}, NetworkDynamics.PureFeedForward, Static.StaticInt{0}, Static.StaticInt{2}, @NamedTuple{src::Static.StaticInt{2}, dst::Static.StaticInt{2}}, @NamedTuple{src::Static.StaticInt{2}, dst::Static.StaticInt{2}}, Static.StaticInt{0}, Vector{Int64}}}, NetworkDynamics.SequentialAggregator{typeof(+)}}, Tuple{NetworkDynamics.ComponentBatch{NetworkDynamics.VertexModel, typeof(GridSim._detailed_machine_bus!), NetworkDynamics.StateMask{2, UnitRange{Int64}}, NetworkDynamics.PureStateMap, Static.StaticInt{8}, Static.StaticInt{27}, Static.StaticInt{2}, Static.StaticInt{2}, Static.StaticInt{0}, Vector{Int64}}, NetworkDynamics.ComponentBatch{NetworkDynamics.VertexModel, typeof(GridSim._detailed_passive_bus!), NetworkDynamics.StateMask{2, UnitRange{Int64}}, NetworkDynamics.PureStateMap, Static.StaticInt{2}, Static.StaticInt{4}, Static.StaticInt{2}, Static.StaticInt{2}, Static.StaticInt{0}, Vector{Int64}}}, LinearAlgebra.Diagonal{Float64, Vector{Float64}}, PreallocationTools.DiffCache{Vector{Float64}, Vector{Float64}}, NetworkDynamics.EagerGBufProvider{Vector{Int64}, PreallocationTools.DiffCache{Vector{Float64}, Vector{Float64}}}, Nothing, Nothing}, NetworkDynamics.Network{NetworkDynamics.SequentialExecution{true}, Graphs.SimpleGraphs.SimpleGraph{Int64}, NetworkDynamics.NetworkLayer{Graphs.SimpleGraphs.SimpleGraph{Int64}, Tuple{NetworkDynamics.ComponentBatch{NetworkDynamics.EdgeModel, Nothing, NetworkDynamics.AntiSymmetric{typeof(GridSim._branch_current!)}, NetworkDynamics.PureFeedForward, Static.StaticInt{0}, Static.StaticInt{2}, @NamedTuple{src::Static.StaticInt{2}, dst::Static.StaticInt{2}}, @NamedTuple{src::Static.StaticInt{2}, dst::Static.StaticInt{2}}, Static.StaticInt{0}, Vector{Int64}}}, NetworkDynamics.SequentialAggregator{typeof(+)}}, Tuple{NetworkDynamics.ComponentBatch{NetworkDynamics.VertexModel, typeof(GridSim._static_machine_bus!), NetworkDynamics.StateMask{2, UnitRange{Int64}}, NetworkDynamics.PureStateMap, Static.StaticInt{3}, Static.StaticInt{15}, Static.StaticInt{2}, Static.StaticInt{2}, Static.StaticInt{0}, Vector{Int64}}, NetworkDynamics.ComponentBatch{NetworkDynamics.VertexModel, typeof(GridSim._detailed_passive_bus!), NetworkDynamics.StateMask{2, UnitRange{Int64}}, NetworkDynamics.PureStateMap, Static.StaticInt{2}, Static.StaticInt{4}, Static.StaticInt{2}, Static.StaticInt{2}, Static.StaticInt{0}, Vector{Int64}}}, LinearAlgebra.Diagonal{Float64, Vector{Float64}}, PreallocationTools.DiffCache{Vector{Float64}, Vector{Float64}}, NetworkDynamics.EagerGBufProvider{Vector{Int64}, PreallocationTools.DiffCache{Vector{Float64}, Vector{Float64}}}, Nothing, Nothing}, OrdinaryDiffEqCore.ODEIntegrator{OrdinaryDiffEqBDF.FBDF{5, ADTypes.AutoForwardDiff{1, ForwardDiff.Tag{DiffEqBase.OrdinaryDiffEqTag, Float64}}, Nothing, OrdinaryDiffEqNonlinearSolve.NLNewton{Rational{Int64}, Rational{Int64}, Rational{Int64}, Nothing, Nothing}, Nothing, Nothing, typeof(OrdinaryDiffEqCore.trivial_limiter!), Nothing, Rational{Int64}}, true, Vector{Float64}, Nothing, Float64, Vector{Float64}, Float64, Float64, Vector{Vector{Float64}}, SciMLBase.ODESolution{Float64, 2, Vector{Vector{Float64}}, Nothing, Nothing, Vector{Float64}, Vector{Vector{Vector{Float64}}}, SymbolicIndexingInterface.ParameterTimeseriesCollection{Tuple{RecursiveArrayTools.DiffEqArray{Float64, 2, Vector{Vector{Float64}}, Vector{Float64}, Nothing, SymbolicIndexingInterface.SymbolCache{Nothing, Nothing, Nothing, Vector{Any}, Dict{Any, Any}}, Nothing, Nothing}}, Vector{Float64}}, SciMLBase.ODEProblem{Vector{Float64}, Tuple{Float64, Float64}, true, Vector{Float64}, SciMLBase.ODEFunction{true, SciMLBase.AutoSpecialize, FunctionWrappersWrappers.FunctionWrappersWrapper{Tuple{FunctionWrappers.FunctionWrapper{Nothing, Tuple{Vector{Float64}, Vector{Float64}, Vector{Float64}, Float64}}, FunctionWrappers.FunctionWrapper{Nothing, Tuple{Vector{ForwardDiff.Dual{ForwardDiff.Tag{DiffEqBase.OrdinaryDiffEqTag, Float64}, Float64, 1}}, Vector{ForwardDiff.Dual{ForwardDiff.Tag{DiffEqBase.OrdinaryDiffEqTag, Float64}, Float64, 1}}, Vector{Float64}, Float64}}, FunctionWrappers.FunctionWrapper{Nothing, Tuple{Vector{ForwardDiff.Dual{ForwardDiff.Tag{DiffEqBase.OrdinaryDiffEqTag, Float64}, Float64, 1}}, Vector{Float64}, Vector{Float64}, ForwardDiff.Dual{ForwardDiff.Tag{DiffEqBase.OrdinaryDiffEqTag, Float64}, Float64, 1}}}, FunctionWrappers.FunctionWrapper{Nothing, Tuple{Vector{ForwardDiff.Dual{ForwardDiff.Tag{DiffEqBase.OrdinaryDiffEqTag, Float64}, Float64, 1}}, Vector{ForwardDiff.Dual{ForwardDiff.Tag{DiffEqBase.OrdinaryDiffEqTag, Float64}, Float64, 1}}, Vector{Float64}, ForwardDiff.Dual{ForwardDiff.Tag{DiffEqBase.OrdinaryDiffEqTag, Float64}, Float64, 1}}}}, FunctionWrappersWrappers.AllowNonIsBits, FunctionWrappersWrappers.SingleCacheStorage}, LinearAlgebra.Diagonal{Float64, Vector{Float64}}, Nothing, Nothing, Nothing, Nothing, Nothing, Nothing, Nothing, Nothing, Nothing, Nothing, Nothing, Nothing, typeof(SciMLBase.DEFAULT_OBSERVED), Nothing, NetworkDynamics.Network{NetworkDynamics.SequentialExecution{true}, Graphs.SimpleGraphs.SimpleGraph{Int64}, NetworkDynamics.NetworkLayer{Graphs.SimpleGraphs.SimpleGraph{Int64}, Tuple{NetworkDynamics.ComponentBatch{NetworkDynamics.EdgeModel, Nothing, NetworkDynamics.AntiSymmetric{typeof(GridSim._branch_current!)}, NetworkDynamics.PureFeedForward, Static.StaticInt{0}, Static.StaticInt{2}, @NamedTuple{src::Static.StaticInt{2}, dst::Static.StaticInt{2}}, @NamedTuple{src::Static.StaticInt{2}, dst::Static.StaticInt{2}}, Static.StaticInt{0}, Vector{Int64}}}, NetworkDynamics.SequentialAggregator{typeof(+)}}, Tuple{NetworkDynamics.ComponentBatch{NetworkDynamics.VertexModel, typeof(GridSim._detailed_machine_bus!), NetworkDynamics.StateMask{2, UnitRange{Int64}}, NetworkDynamics.PureStateMap, Static.StaticInt{8}, Static.StaticInt{27}, Static.StaticInt{2}, Static.StaticInt{2}, Static.StaticInt{0}, Vector{Int64}}, NetworkDynamics.ComponentBatch{NetworkDynamics.VertexModel, typeof(GridSim._detailed_passive_bus!), NetworkDynamics.StateMask{2, UnitRange{Int64}}, NetworkDynamics.PureStateMap, Static.StaticInt{2}, Static.StaticInt{4}, Static.StaticInt{2}, Static.StaticInt{2}, Static.StaticInt{0}, Vector{Int64}}}, LinearAlgebra.Diagonal{Float64, Vector{Float64}}, PreallocationTools.DiffCache{Vector{Float64}, Vector{Float64}}, NetworkDynamics.EagerGBufProvider{Vector{Int64}, PreallocationTools.DiffCache{Vector{Float64}, Vector{Float64}}}, Nothing, Nothing}, Nothing, Nothing}, Base.Pairs{Symbol, Any, Nothing, @NamedTuple{callback::SciMLBase.CallbackSet{Vector{Any}, Vector{Any}}, initializealg::DiffEqBase.BrownFullBasicInit{Float64, Nothing}}}, SciMLBase.StandardODEProblem}, OrdinaryDiffEqBDF.FBDF{5, ADTypes.AutoForwardDiff{1, ForwardDiff.Tag{DiffEqBase.OrdinaryDiffEqTag, Float64}}, Nothing, OrdinaryDiffEqNonlinearSolve.NLNewton{Rational{Int64}, Rational{Int64}, Rational{Int64}, Nothing, Nothing}, Nothing, Nothing, typeof(OrdinaryDiffEqCore.trivial_limiter!), Nothing, Rational{Int64}}, OrdinaryDiffEqCore.InterpolationData{SciMLBase.ODEFunction{true, SciMLBase.AutoSpecialize, FunctionWrappersWrappers.FunctionWrappersWrapper{Tuple{FunctionWrappers.FunctionWrapper{Nothing, Tuple{Vector{Float64}, Vector{Float64}, Vector{Float64}, Float64}}, FunctionWrappers.FunctionWrapper{Nothing, Tuple{Vector{ForwardDiff.Dual{ForwardDiff.Tag{DiffEqBase.OrdinaryDiffEqTag, Float64}, Float64, 1}}, Vector{ForwardDiff.Dual{ForwardDiff.Tag{DiffEqBase.OrdinaryDiffEqTag, Float64}, Float64, 1}}, Vector{Float64}, Float64}}, FunctionWrappers.FunctionWrapper{Nothing, Tuple{Vector{ForwardDiff.Dual{ForwardDiff.Tag{DiffEqBase.OrdinaryDiffEqTag, Float64}, Float64, 1}}, Vector{Float64}, Vector{Float64}, ForwardDiff.Dual{ForwardDiff.Tag{DiffEqBase.OrdinaryDiffEqTag, Float64}, Float64, 1}}}, FunctionWrappers.FunctionWrapper{Nothing, Tuple{Vector{ForwardDiff.Dual{ForwardDiff.Tag{DiffEqBase.OrdinaryDiffEqTag, Float64}, Float64, 1}}, Vector{ForwardDiff.Dual{ForwardDiff.Tag{DiffEqBase.OrdinaryDiffEqTag, Float64}, Float64, 1}}, Vector{Float64}, ForwardDiff.Dual{ForwardDiff.Tag{DiffEqBase.OrdinaryDiffEqTag, Float64}, Float64, 1}}}}, FunctionWrappersWrappers.AllowNonIsBits, FunctionWrappersWrappers.SingleCacheStorage}, LinearAlgebra.Diagonal{Float64, Vector{Float64}}, Nothing, Nothing, Nothing, Nothing, Nothing, Nothing, Nothing, Nothing, Nothing, Nothing, Nothing, Nothing, typeof(SciMLBase.DEFAULT_OBSERVED), Nothing, NetworkDynamics.Network{NetworkDynamics.SequentialExecution{true}, Graphs.SimpleGraphs.SimpleGraph{Int64}, NetworkDynamics.NetworkLayer{Graphs.SimpleGraphs.SimpleGraph{Int64}, Tuple{NetworkDynamics.ComponentBatch{NetworkDynamics.EdgeModel, Nothing, NetworkDynamics.AntiSymmetric{typeof(GridSim._branch_current!)}, NetworkDynamics.PureFeedForward, Static.StaticInt{0}, Static.StaticInt{2}, @NamedTuple{src::Static.StaticInt{2}, dst::Static.StaticInt{2}}, @NamedTuple{src::Static.StaticInt{2}, dst::Static.StaticInt{2}}, Static.StaticInt{0}, Vector{Int64}}}, NetworkDynamics.SequentialAggregator{typeof(+)}}, Tuple{NetworkDynamics.ComponentBatch{NetworkDynamics.VertexModel, typeof(GridSim._detailed_machine_bus!), NetworkDynamics.StateMask{2, UnitRange{Int64}}, NetworkDynamics.PureStateMap, Static.StaticInt{8}, Static.StaticInt{27}, Static.StaticInt{2}, Static.StaticInt{2}, Static.StaticInt{0}, Vector{Int64}}, NetworkDynamics.ComponentBatch{NetworkDynamics.VertexModel, typeof(GridSim._detailed_passive_bus!), NetworkDynamics.StateMask{2, UnitRange{Int64}}, NetworkDynamics.PureStateMap, Static.StaticInt{2}, Static.StaticInt{4}, Static.StaticInt{2}, Static.StaticInt{2}, Static.StaticInt{0}, Vector{Int64}}}, LinearAlgebra.Diagonal{Float64, Vector{Float64}}, PreallocationTools.DiffCache{Vector{Float64}, Vector{Float64}}, NetworkDynamics.EagerGBufProvider{Vector{Int64}, PreallocationTools.DiffCache{Vector{Float64}, Vector{Float64}}}, Nothing, Nothing}, Nothing, Nothing}, Vector{Vector{Float64}}, Vector{Float64}, Vector{Vector{Vector{Float64}}}, Nothing, OrdinaryDiffEqBDF.FBDFCache{5, OrdinaryDiffEqNonlinearSolve.NLSolver{OrdinaryDiffEqNonlinearSolve.NLNewton{Rational{Int64}, Rational{Int64}, Rational{Int64}, Nothing, Nothing}, true, Vector{Float64}, Float64, Nothing, Float64, OrdinaryDiffEqNonlinearSolve.NLNewtonCache{Vector{Float64}, Float64, Float64, Vector{Float64}, Matrix{Float64}, Matrix{Float64}, SciMLBase.UJacobianWrapper{true, SciMLBase.ODEFunction{true, SciMLBase.AutoSpecialize, FunctionWrappersWrappers.FunctionWrappersWrapper{Tuple{FunctionWrappers.FunctionWrapper{Nothing, Tuple{Vector{Float64}, Vector{Float64}, Vector{Float64}, Float64}}, FunctionWrappers.FunctionWrapper{Nothing, Tuple{Vector{ForwardDiff.Dual{ForwardDiff.Tag{DiffEqBase.OrdinaryDiffEqTag, Float64}, Float64, 1}}, Vector{ForwardDiff.Dual{ForwardDiff.Tag{DiffEqBase.OrdinaryDiffEqTag, Float64}, Float64, 1}}, Vector{Float64}, Float64}}, FunctionWrappers.FunctionWrapper{Nothing, Tuple{Vector{ForwardDiff.Dual{ForwardDiff.Tag{DiffEqBase.OrdinaryDiffEqTag, Float64}, Float64, 1}}, Vector{Float64}, Vector{Float64}, ForwardDiff.Dual{ForwardDiff.Tag{DiffEqBase.OrdinaryDiffEqTag, Float64}, Float64, 1}}}, FunctionWrappers.FunctionWrapper{Nothing, Tuple{Vector{ForwardDiff.Dual{ForwardDiff.Tag{DiffEqBase.OrdinaryDiffEqTag, Float64}, Float64, 1}}, Vector{ForwardDiff.Dual{ForwardDiff.Tag{DiffEqBase.OrdinaryDiffEqTag, Float64}, Float64, 1}}, Vector{Float64}, ForwardDiff.Dual{ForwardDiff.Tag{DiffEqBase.OrdinaryDiffEqTag, Float64}, Float64, 1}}}}, FunctionWrappersWrappers.AllowNonIsBits, FunctionWrappersWrappers.SingleCacheStorage}, LinearAlgebra.Diagonal{Float64, Vector{Float64}}, Nothing, Nothing, Nothing, Nothing, Nothing, Nothing, Nothing, Nothing, Nothing, Nothing, Nothing, Nothing, typeof(SciMLBase.DEFAULT_OBSERVED), Nothing, NetworkDynamics.Network{NetworkDynamics.SequentialExecution{true}, Graphs.SimpleGraphs.SimpleGraph{Int64}, NetworkDynamics.NetworkLayer{Graphs.SimpleGraphs.SimpleGraph{Int64}, Tuple{NetworkDynamics.ComponentBatch{NetworkDynamics.EdgeModel, Nothing, NetworkDynamics.AntiSymmetric{typeof(GridSim._branch_current!)}, NetworkDynamics.PureFeedForward, Static.StaticInt{0}, Static.StaticInt{2}, @NamedTuple{src::Static.StaticInt{2}, dst::Static.StaticInt{2}}, @NamedTuple{src::Static.StaticInt{2}, dst::Static.StaticInt{2}}, Static.StaticInt{0}, Vector{Int64}}}, NetworkDynamics.SequentialAggregator{typeof(+)}}, Tuple{NetworkDynamics.ComponentBatch{NetworkDynamics.VertexModel, typeof(GridSim._detailed_machine_bus!), NetworkDynamics.StateMask{2, UnitRange{Int64}}, NetworkDynamics.PureStateMap, Static.StaticInt{8}, Static.StaticInt{27}, Static.StaticInt{2}, Static.StaticInt{2}, Static.StaticInt{0}, Vector{Int64}}, NetworkDynamics.ComponentBatch{NetworkDynamics.VertexModel, typeof(GridSim._detailed_passive_bus!), NetworkDynamics.StateMask{2, UnitRange{Int64}}, NetworkDynamics.PureStateMap, Static.StaticInt{2}, Static.StaticInt{4}, Static.StaticInt{2}, Static.StaticInt{2}, Static.StaticInt{0}, Vector{Int64}}}, LinearAlgebra.Diagonal{Float64, Vector{Float64}}, PreallocationTools.DiffCache{Vector{Float64}, Vector{Float64}}, NetworkDynamics.EagerGBufProvider{Vector{Int64}, PreallocationTools.DiffCache{Vector{Float64}, Vector{Float64}}}, Nothing, Nothing}, Nothing, Nothing}, Float64, Vector{Float64}}, Tuple{DifferentiationInterfaceForwardDiffExt.ForwardDiffTwoArgJacobianPrep{Nothing, ForwardDiff.JacobianConfig{ForwardDiff.Tag{DiffEqBase.OrdinaryDiffEqTag, Float64}, Float64, 1, Tuple{Vector{ForwardDiff.Dual{ForwardDiff.Tag{DiffEqBase.OrdinaryDiffEqTag, Float64}, Float64, 1}}, Vector{ForwardDiff.Dual{ForwardDiff.Tag{DiffEqBase.OrdinaryDiffEqTag, Float64}, Float64, 1}}}}, Tuple{}}, DifferentiationInterfaceForwardDiffExt.ForwardDiffTwoArgJacobianPrep{Nothing, ForwardDiff.JacobianConfig{ForwardDiff.Tag{DiffEqBase.OrdinaryDiffEqTag, Float64}, Float64, 1, Tuple{Vector{ForwardDiff.Dual{ForwardDiff.Tag{DiffEqBase.OrdinaryDiffEqTag, Float64}, Float64, 1}}, Vector{ForwardDiff.Dual{ForwardDiff.Tag{DiffEqBase.OrdinaryDiffEqTag, Float64}, Float64, 1}}}}, Tuple{}}}, LinearSolve.LinearCache{Matrix{Float64}, Vector{Float64}, Vector{Float64}, Tuple{Nothing, Vector{Float64}, Vector{Float64}, Float64}, LinearSolve.DefaultLinearSolver, LinearSolve.DefaultLinearSolverInit{LinearAlgebra.LU{Float64, Matrix{Float64}, Vector{Int64}}, LinearAlgebra.QRCompactWY{Float64, Matrix{Float64}, Matrix{Float64}}, Nothing, Nothing, Nothing, Nothing, Nothing, Nothing, LinearSolve._GenericLUFactorizationCache{LinearAlgebra.LU{Float64, Matrix{Float64}, Vector{Int64}}, Vector{Int64}, Vector{Float64}}, Tuple{LinearAlgebra.LU{Float64, Matrix{Float64}, Vector{Int64}}, Vector{Int64}}, Nothing, Nothing, Nothing, LinearAlgebra.SVD{Float64, Float64, Matrix{Float64}, Vector{Float64}}, LinearAlgebra.Cholesky{Float64, Matrix{Float64}}, LinearAlgebra.Cholesky{Float64, Matrix{Float64}}, LinearSolve.AppleAccelerateLUCache{Matrix{Float64}, Vector{Int32}, Base.RefValue{Int32}}, Tuple{LinearAlgebra.LU{Float64, Matrix{Float64}, Vector{Int64}}, Base.RefValue{Int64}}, LinearAlgebra.QRPivoted{Float64, Matrix{Float64}, Vector{Float64}, Vector{Int64}}, Nothing, Nothing, Nothing, Nothing, Nothing, Nothing, Nothing, Matrix{Float64}, Vector{Float64}, Nothing}, LinearSolve.InvPreconditioner{OrdinaryDiffEqNonlinearSolve._WeightPreconditioner{Vector{Float64}}}, OrdinaryDiffEqNonlinearSolve._WeightPreconditioner{Vector{Float64}}, Float64, LinearSolve.LinearVerbosity{true}, Bool, LinearSolve.LinearSolveAdjoint{Missing, Missing, Missing}, Nothing}, Nothing}, Float64}, Vector{Float64}, Vector{Float64}, Vector{Float64}, Float64, Vector{Float64}, Vector{Vector{Float64}}, Matrix{Rational{Int64}}, Float64, Vector{Float64}, Vector{Float64}, typeof(OrdinaryDiffEqCore.trivial_limiter!), Matrix{Float64}, OrdinaryDiffEqBDF.StabilityLimitDetectionState{Float64}}, BitVector}, SciMLBase.DEStats, Nothing, Nothing, Nothing, Nothing, Nothing, SciMLBase.ReturnCode.T}, SciMLBase.ODEFunction{true, SciMLBase.AutoSpecialize, FunctionWrappersWrappers.FunctionWrappersWrapper{Tuple{FunctionWrappers.FunctionWrapper{Nothing, Tuple{Vector{Float64}, Vector{Float64}, Vector{Float64}, Float64}}, FunctionWrappers.FunctionWrapper{Nothing, Tuple{Vector{ForwardDiff.Dual{ForwardDiff.Tag{DiffEqBase.OrdinaryDiffEqTag, Float64}, Float64, 1}}, Vector{ForwardDiff.Dual{ForwardDiff.Tag{DiffEqBase.OrdinaryDiffEqTag, Float64}, Float64, 1}}, Vector{Float64}, Float64}}, FunctionWrappers.FunctionWrapper{Nothing, Tuple{Vector{ForwardDiff.Dual{ForwardDiff.Tag{DiffEqBase.OrdinaryDiffEqTag, Float64}, Float64, 1}}, Vector{Float64}, Vector{Float64}, ForwardDiff.Dual{ForwardDiff.Tag{DiffEqBase.OrdinaryDiffEqTag, Float64}, Float64, 1}}}, FunctionWrappers.FunctionWrapper{Nothing, Tuple{Vector{ForwardDiff.Dual{ForwardDiff.Tag{DiffEqBase.OrdinaryDiffEqTag, Float64}, Float64, 1}}, Vector{ForwardDiff.Dual{ForwardDiff.Tag{DiffEqBase.OrdinaryDiffEqTag, Float64}, Float64, 1}}, Vector{Float64}, ForwardDiff.Dual{ForwardDiff.Tag{DiffEqBase.OrdinaryDiffEqTag, Float64}, Float64, 1}}}}, FunctionWrappersWrappers.AllowNonIsBits, FunctionWrappersWrappers.SingleCacheStorage}, LinearAlgebra.Diagonal{Float64, Vector{Float64}}, Nothing, Nothing, Nothing, Nothing, Nothing, Nothing, Nothing, Nothing, Nothing, Nothing, Nothing, Nothing, typeof(SciMLBase.DEFAULT_OBSERVED), Nothing, NetworkDynamics.Network{NetworkDynamics.SequentialExecution{true}, Graphs.SimpleGraphs.SimpleGraph{Int64}, NetworkDynamics.NetworkLayer{Graphs.SimpleGraphs.SimpleGraph{Int64}, Tuple{NetworkDynamics.ComponentBatch{NetworkDynamics.EdgeModel, Nothing, NetworkDynamics.AntiSymmetric{typeof(GridSim._branch_current!)}, NetworkDynamics.PureFeedForward, Static.StaticInt{0}, Static.StaticInt{2}, @NamedTuple{src::Static.StaticInt{2}, dst::Static.StaticInt{2}}, @NamedTuple{src::Static.StaticInt{2}, dst::Static.StaticInt{2}}, Static.StaticInt{0}, Vector{Int64}}}, NetworkDynamics.SequentialAggregator{typeof(+)}}, Tuple{NetworkDynamics.ComponentBatch{NetworkDynamics.VertexModel, typeof(GridSim._detailed_machine_bus!), NetworkDynamics.StateMask{2, UnitRange{Int64}}, NetworkDynamics.PureStateMap, Static.StaticInt{8}, Static.StaticInt{27}, Static.StaticInt{2}, Static.StaticInt{2}, Static.StaticInt{0}, Vector{Int64}}, NetworkDynamics.ComponentBatch{NetworkDynamics.VertexModel, typeof(GridSim._detailed_passive_bus!), NetworkDynamics.StateMask{2, UnitRange{Int64}}, NetworkDynamics.PureStateMap, Static.StaticInt{2}, Static.StaticInt{4}, Static.StaticInt{2}, Static.StaticInt{2}, Static.StaticInt{0}, Vector{Int64}}}, LinearAlgebra.Diagonal{Float64, Vector{Float64}}, PreallocationTools.DiffCache{Vector{Float64}, Vector{Float64}}, NetworkDynamics.EagerGBufProvider{Vector{Int64}, PreallocationTools.DiffCache{Vector{Float64}, Vector{Float64}}}, Nothing, Nothing}, Nothing, Nothing}, OrdinaryDiffEqBDF.FBDFCache{5, OrdinaryDiffEqNonlinearSolve.NLSolver{OrdinaryDiffEqNonlinearSolve.NLNewton{Rational{Int64}, Rational{Int64}, Rational{Int64}, Nothing, Nothing}, true, Vector{Float64}, Float64, Nothing, Float64, OrdinaryDiffEqNonlinearSolve.NLNewtonCache{Vector{Float64}, Float64, Float64, Vector{Float64}, Matrix{Float64}, Matrix{Float64}, SciMLBase.UJacobianWrapper{true, SciMLBase.ODEFunction{true, SciMLBase.AutoSpecialize, FunctionWrappersWrappers.FunctionWrappersWrapper{Tuple{FunctionWrappers.FunctionWrapper{Nothing, Tuple{Vector{Float64}, Vector{Float64}, Vector{Float64}, Float64}}, FunctionWrappers.FunctionWrapper{Nothing, Tuple{Vector{ForwardDiff.Dual{ForwardDiff.Tag{DiffEqBase.OrdinaryDiffEqTag, Float64}, Float64, 1}}, Vector{ForwardDiff.Dual{ForwardDiff.Tag{DiffEqBase.OrdinaryDiffEqTag, Float64}, Float64, 1}}, Vector{Float64}, Float64}}, FunctionWrappers.FunctionWrapper{Nothing, Tuple{Vector{ForwardDiff.Dual{ForwardDiff.Tag{DiffEqBase.OrdinaryDiffEqTag, Float64}, Float64, 1}}, Vector{Float64}, Vector{Float64}, ForwardDiff.Dual{ForwardDiff.Tag{DiffEqBase.OrdinaryDiffEqTag, Float64}, Float64, 1}}}, FunctionWrappers.FunctionWrapper{Nothing, Tuple{Vector{ForwardDiff.Dual{ForwardDiff.Tag{DiffEqBase.OrdinaryDiffEqTag, Float64}, Float64, 1}}, Vector{ForwardDiff.Dual{ForwardDiff.Tag{DiffEqBase.OrdinaryDiffEqTag, Float64}, Float64, 1}}, Vector{Float64}, ForwardDiff.Dual{ForwardDiff.Tag{DiffEqBase.OrdinaryDiffEqTag, Float64}, Float64, 1}}}}, FunctionWrappersWrappers.AllowNonIsBits, FunctionWrappersWrappers.SingleCacheStorage}, LinearAlgebra.Diagonal{Float64, Vector{Float64}}, Nothing, Nothing, Nothing, Nothing, Nothing, Nothing, Nothing, Nothing, Nothing, Nothing, Nothing, Nothing, typeof(SciMLBase.DEFAULT_OBSERVED), Nothing, NetworkDynamics.Network{NetworkDynamics.SequentialExecution{true}, Graphs.SimpleGraphs.SimpleGraph{Int64}, NetworkDynamics.NetworkLayer{Graphs.SimpleGraphs.SimpleGraph{Int64}, Tuple{NetworkDynamics.ComponentBatch{NetworkDynamics.EdgeModel, Nothing, NetworkDynamics.AntiSymmetric{typeof(GridSim._branch_current!)}, NetworkDynamics.PureFeedForward, Static.StaticInt{0}, Static.StaticInt{2}, @NamedTuple{src::Static.StaticInt{2}, dst::Static.StaticInt{2}}, @NamedTuple{src::Static.StaticInt{2}, dst::Static.StaticInt{2}}, Static.StaticInt{0}, Vector{Int64}}}, NetworkDynamics.SequentialAggregator{typeof(+)}}, Tuple{NetworkDynamics.ComponentBatch{NetworkDynamics.VertexModel, typeof(GridSim._detailed_machine_bus!), NetworkDynamics.StateMask{2, UnitRange{Int64}}, NetworkDynamics.PureStateMap, Static.StaticInt{8}, Static.StaticInt{27}, Static.StaticInt{2}, Static.StaticInt{2}, Static.StaticInt{0}, Vector{Int64}}, NetworkDynamics.ComponentBatch{NetworkDynamics.VertexModel, typeof(GridSim._detailed_passive_bus!), NetworkDynamics.StateMask{2, UnitRange{Int64}}, NetworkDynamics.PureStateMap, Static.StaticInt{2}, Static.StaticInt{4}, Static.StaticInt{2}, Static.StaticInt{2}, Static.StaticInt{0}, Vector{Int64}}}, LinearAlgebra.Diagonal{Float64, Vector{Float64}}, PreallocationTools.DiffCache{Vector{Float64}, Vector{Float64}}, NetworkDynamics.EagerGBufProvider{Vector{Int64}, PreallocationTools.DiffCache{Vector{Float64}, Vector{Float64}}}, Nothing, Nothing}, Nothing, Nothing}, Float64, Vector{Float64}}, Tuple{DifferentiationInterfaceForwardDiffExt.ForwardDiffTwoArgJacobianPrep{Nothing, ForwardDiff.JacobianConfig{ForwardDiff.Tag{DiffEqBase.OrdinaryDiffEqTag, Float64}, Float64, 1, Tuple{Vector{ForwardDiff.Dual{ForwardDiff.Tag{DiffEqBase.OrdinaryDiffEqTag, Float64}, Float64, 1}}, Vector{ForwardDiff.Dual{ForwardDiff.Tag{DiffEqBase.OrdinaryDiffEqTag, Float64}, Float64, 1}}}}, Tuple{}}, DifferentiationInterfaceForwardDiffExt.ForwardDiffTwoArgJacobianPrep{Nothing, ForwardDiff.JacobianConfig{ForwardDiff.Tag{DiffEqBase.OrdinaryDiffEqTag, Float64}, Float64, 1, Tuple{Vector{ForwardDiff.Dual{ForwardDiff.Tag{DiffEqBase.OrdinaryDiffEqTag, Float64}, Float64, 1}}, Vector{ForwardDiff.Dual{ForwardDiff.Tag{DiffEqBase.OrdinaryDiffEqTag, Float64}, Float64, 1}}}}, Tuple{}}}, LinearSolve.LinearCache{Matrix{Float64}, Vector{Float64}, Vector{Float64}, Tuple{Nothing, Vector{Float64}, Vector{Float64}, Float64}, LinearSolve.DefaultLinearSolver, LinearSolve.DefaultLinearSolverInit{LinearAlgebra.LU{Float64, Matrix{Float64}, Vector{Int64}}, LinearAlgebra.QRCompactWY{Float64, Matrix{Float64}, Matrix{Float64}}, Nothing, Nothing, Nothing, Nothing, Nothing, Nothing, LinearSolve._GenericLUFactorizationCache{LinearAlgebra.LU{Float64, Matrix{Float64}, Vector{Int64}}, Vector{Int64}, Vector{Float64}}, Tuple{LinearAlgebra.LU{Float64, Matrix{Float64}, Vector{Int64}}, Vector{Int64}}, Nothing, Nothing, Nothing, LinearAlgebra.SVD{Float64, Float64, Matrix{Float64}, Vector{Float64}}, LinearAlgebra.Cholesky{Float64, Matrix{Float64}}, LinearAlgebra.Cholesky{Float64, Matrix{Float64}}, LinearSolve.AppleAccelerateLUCache{Matrix{Float64}, Vector{Int32}, Base.RefValue{Int32}}, Tuple{LinearAlgebra.LU{Float64, Matrix{Float64}, Vector{Int64}}, Base.RefValue{Int64}}, LinearAlgebra.QRPivoted{Float64, Matrix{Float64}, Vector{Float64}, Vector{Int64}}, Nothing, Nothing, Nothing, Nothing, Nothing, Nothing, Nothing, Matrix{Float64}, Vector{Float64}, Nothing}, LinearSolve.InvPreconditioner{OrdinaryDiffEqNonlinearSolve._WeightPreconditioner{Vector{Float64}}}, OrdinaryDiffEqNonlinearSolve._WeightPreconditioner{Vector{Float64}}, Float64, LinearSolve.LinearVerbosity{true}, Bool, LinearSolve.LinearSolveAdjoint{Missing, Missing, Missing}, Nothing}, Nothing}, Float64}, Vector{Float64}, Vector{Float64}, Vector{Float64}, Float64, Vector{Float64}, Vector{Vector{Float64}}, Matrix{Rational{Int64}}, Float64, Vector{Float64}, Vector{Float64}, typeof(OrdinaryDiffEqCore.trivial_limiter!), Matrix{Float64}, OrdinaryDiffEqBDF.StabilityLimitDetectionState{Float64}}, OrdinaryDiffEqCore.DEOptions{Float64, Float64, Float64, Float64, typeof(DiffEqBase.ODE_DEFAULT_NORM), typeof(LinearAlgebra.opnorm), Nothing, SciMLBase.CallbackSet{Vector{Any}, Vector{Any}}, typeof(DiffEqBase.ODE_DEFAULT_ISOUTOFDOMAIN), typeof(DiffEqBase.ODE_DEFAULT_PROG_MESSAGE), typeof(DiffEqBase.ODE_DEFAULT_UNSTABLE_CHECK), BinaryHeaps.BinaryHeap{Float64, BinaryHeaps.FasterForward}, BinaryHeaps.BinaryHeap{Float64, BinaryHeaps.FasterForward}, Nothing, Nothing, Int64, Tuple{}, Tuple{}, Tuple{}, DiffEqBase.DEVerbosity{true, SciMLLogging.Minimal, SciMLLogging.Minimal}, Nothing, typeof(OrdinaryDiffEqCore.trivial_limiter!), typeof(OrdinaryDiffEqCore.trivial_limiter!)}, Vector{Float64}, Float64, Union{Nothing, DiffEqBase.CallbackCache{Vector{Float64}, Vector{Float64}}}, DiffEqBase.BrownFullBasicInit{Float64, Nothing}, BitVector, OrdinaryDiffEqBDF.BDFControllerCache{Float64, Float64, OrdinaryDiffEqBDF.FBDFCache{5, OrdinaryDiffEqNonlinearSolve.NLSolver{OrdinaryDiffEqNonlinearSolve.NLNewton{Rational{Int64}, Rational{Int64}, Rational{Int64}, Nothing, Nothing}, true, Vector{Float64}, Float64, Nothing, Float64, OrdinaryDiffEqNonlinearSolve.NLNewtonCache{Vector{Float64}, Float64, Float64, Vector{Float64}, Matrix{Float64}, Matrix{Float64}, SciMLBase.UJacobianWrapper{true, SciMLBase.ODEFunction{true, SciMLBase.AutoSpecialize, FunctionWrappersWrappers.FunctionWrappersWrapper{Tuple{FunctionWrappers.FunctionWrapper{Nothing, Tuple{Vector{Float64}, Vector{Float64}, Vector{Float64}, Float64}}, FunctionWrappers.FunctionWrapper{Nothing, Tuple{Vector{ForwardDiff.Dual{ForwardDiff.Tag{DiffEqBase.OrdinaryDiffEqTag, Float64}, Float64, 1}}, Vector{ForwardDiff.Dual{ForwardDiff.Tag{DiffEqBase.OrdinaryDiffEqTag, Float64}, Float64, 1}}, Vector{Float64}, Float64}}, FunctionWrappers.FunctionWrapper{Nothing, Tuple{Vector{ForwardDiff.Dual{ForwardDiff.Tag{DiffEqBase.OrdinaryDiffEqTag, Float64}, Float64, 1}}, Vector{Float64}, Vector{Float64}, ForwardDiff.Dual{ForwardDiff.Tag{DiffEqBase.OrdinaryDiffEqTag, Float64}, Float64, 1}}}, FunctionWrappers.FunctionWrapper{Nothing, Tuple{Vector{ForwardDiff.Dual{ForwardDiff.Tag{DiffEqBase.OrdinaryDiffEqTag, Float64}, Float64, 1}}, Vector{ForwardDiff.Dual{ForwardDiff.Tag{DiffEqBase.OrdinaryDiffEqTag, Float64}, Float64, 1}}, Vector{Float64}, ForwardDiff.Dual{ForwardDiff.Tag{DiffEqBase.OrdinaryDiffEqTag, Float64}, Float64, 1}}}}, FunctionWrappersWrappers.AllowNonIsBits, FunctionWrappersWrappers.SingleCacheStorage}, LinearAlgebra.Diagonal{Float64, Vector{Float64}}, Nothing, Nothing, Nothing, Nothing, Nothing, Nothing, Nothing, Nothing, Nothing, Nothing, Nothing, Nothing, typeof(SciMLBase.DEFAULT_OBSERVED), Nothing, NetworkDynamics.Network{NetworkDynamics.SequentialExecution{true}, Graphs.SimpleGraphs.SimpleGraph{Int64}, NetworkDynamics.NetworkLayer{Graphs.SimpleGraphs.SimpleGraph{Int64}, Tuple{NetworkDynamics.ComponentBatch{NetworkDynamics.EdgeModel, Nothing, NetworkDynamics.AntiSymmetric{typeof(GridSim._branch_current!)}, NetworkDynamics.PureFeedForward, Static.StaticInt{0}, Static.StaticInt{2}, @NamedTuple{src::Static.StaticInt{2}, dst::Static.StaticInt{2}}, @NamedTuple{src::Static.StaticInt{2}, dst::Static.StaticInt{2}}, Static.StaticInt{0}, Vector{Int64}}}, NetworkDynamics.SequentialAggregator{typeof(+)}}, Tuple{NetworkDynamics.ComponentBatch{NetworkDynamics.VertexModel, typeof(GridSim._detailed_machine_bus!), NetworkDynamics.StateMask{2, UnitRange{Int64}}, NetworkDynamics.PureStateMap, Static.StaticInt{8}, Static.StaticInt{27}, Static.StaticInt{2}, Static.StaticInt{2}, Static.StaticInt{0}, Vector{Int64}}, NetworkDynamics.ComponentBatch{NetworkDynamics.VertexModel, typeof(GridSim._detailed_passive_bus!), NetworkDynamics.StateMask{2, UnitRange{Int64}}, NetworkDynamics.PureStateMap, Static.StaticInt{2}, Static.StaticInt{4}, Static.StaticInt{2}, Static.StaticInt{2}, Static.StaticInt{0}, Vector{Int64}}}, LinearAlgebra.Diagonal{Float64, Vector{Float64}}, PreallocationTools.DiffCache{Vector{Float64}, Vector{Float64}}, NetworkDynamics.EagerGBufProvider{Vector{Int64}, PreallocationTools.DiffCache{Vector{Float64}, Vector{Float64}}}, Nothing, Nothing}, Nothing, Nothing}, Float64, Vector{Float64}}, Tuple{DifferentiationInterfaceForwardDiffExt.ForwardDiffTwoArgJacobianPrep{Nothing, ForwardDiff.JacobianConfig{ForwardDiff.Tag{DiffEqBase.OrdinaryDiffEqTag, Float64}, Float64, 1, Tuple{Vector{ForwardDiff.Dual{ForwardDiff.Tag{DiffEqBase.OrdinaryDiffEqTag, Float64}, Float64, 1}}, Vector{ForwardDiff.Dual{ForwardDiff.Tag{DiffEqBase.OrdinaryDiffEqTag, Float64}, Float64, 1}}}}, Tuple{}}, DifferentiationInterfaceForwardDiffExt.ForwardDiffTwoArgJacobianPrep{Nothing, ForwardDiff.JacobianConfig{ForwardDiff.Tag{DiffEqBase.OrdinaryDiffEqTag, Float64}, Float64, 1, Tuple{Vector{ForwardDiff.Dual{ForwardDiff.Tag{DiffEqBase.OrdinaryDiffEqTag, Float64}, Float64, 1}}, Vector{ForwardDiff.Dual{ForwardDiff.Tag{DiffEqBase.OrdinaryDiffEqTag, Float64}, Float64, 1}}}}, Tuple{}}}, LinearSolve.LinearCache{Matrix{Float64}, Vector{Float64}, Vector{Float64}, Tuple{Nothing, Vector{Float64}, Vector{Float64}, Float64}, LinearSolve.DefaultLinearSolver, LinearSolve.DefaultLinearSolverInit{LinearAlgebra.LU{Float64, Matrix{Float64}, Vector{Int64}}, LinearAlgebra.QRCompactWY{Float64, Matrix{Float64}, Matrix{Float64}}, Nothing, Nothing, Nothing, Nothing, Nothing, Nothing, LinearSolve._GenericLUFactorizationCache{LinearAlgebra.LU{Float64, Matrix{Float64}, Vector{Int64}}, Vector{Int64}, Vector{Float64}}, Tuple{LinearAlgebra.LU{Float64, Matrix{Float64}, Vector{Int64}}, Vector{Int64}}, Nothing, Nothing, Nothing, LinearAlgebra.SVD{Float64, Float64, Matrix{Float64}, Vector{Float64}}, LinearAlgebra.Cholesky{Float64, Matrix{Float64}}, LinearAlgebra.Cholesky{Float64, Matrix{Float64}}, LinearSolve.AppleAccelerateLUCache{Matrix{Float64}, Vector{Int32}, Base.RefValue{Int32}}, Tuple{LinearAlgebra.LU{Float64, Matrix{Float64}, Vector{Int64}}, Base.RefValue{Int64}}, LinearAlgebra.QRPivoted{Float64, Matrix{Float64}, Vector{Float64}, Vector{Int64}}, Nothing, Nothing, Nothing, Nothing, Nothing, Nothing, Nothing, Matrix{Float64}, Vector{Float64}, Nothing}, LinearSolve.InvPreconditioner{OrdinaryDiffEqNonlinearSolve._WeightPreconditioner{Vector{Float64}}}, OrdinaryDiffEqNonlinearSolve._WeightPreconditioner{Vector{Float64}}, Float64, LinearSolve.LinearVerbosity{true}, Bool, LinearSolve.LinearSolveAdjoint{Missing, Missing, Missing}, Nothing}, Nothing}, Float64}, Vector{Float64}, Vector{Float64}, Vector{Float64}, Float64, Vector{Float64}, Vector{Vector{Float64}}, Matrix{Rational{Int64}}, Float64, Vector{Float64}, Vector{Float64}, typeof(OrdinaryDiffEqCore.trivial_limiter!), Matrix{Float64}, OrdinaryDiffEqBDF.StabilityLimitDetectionState{Float64}}, SciMLBase.IntervalNonlinearProblem{false, Vector{Float64}, SciMLBase.NullParameters, SciMLBase.IntervalNonlinearFunction{false, SciMLBase.AutoSpecialize, FunctionWrappers.FunctionWrapper{Float64, Tuple{Float64, SciMLBase.NullParameters}}, Nothing, typeof(SciMLBase.DEFAULT_OBSERVED_NO_TIME), Nothing, Nothing}, Base.Pairs{Symbol, Union{}, Nothing, @NamedTuple{}}, SciMLBase.StandardNonlinearProblem}}, Random.TaskLocalRNG, Nothing, Nothing, Nothing, Nothing, Nothing, Nothing}, GridSim.TrajectoryRecorder{(:t, :δ_G1, :δ_G_inf, :ω_G1, :ω_G_inf, :E′q_G1, :E′q_G_inf, :E′d_G1, :E′d_G_inf, :Efd_G1, :Efd_G_inf, :V_B1, :V_B2, :V_B3, :V_B4, :δ_coi, :f_coi), 17}}) at detailed.jl:1702
└ @ Core W:\Claude_projects\GridSim\src\engines\detailed.jl:1702
┌ Warning: `u_modified!(i::DEIntegrator, bool)` is deprecated, use `derivative_discontinuity!(i, bool)` instead.
│   caller = _reinitialise_algebraic!(eng::DetailedEngine{NetworkDynamics.Network{NetworkDynamics.SequentialExecution{true}, Graphs.SimpleGraphs.SimpleGraph{Int64}, NetworkDynamics.NetworkLayer{Graphs.SimpleGraphs.SimpleGraph{Int64}, Tuple{NetworkDynamics.ComponentBatch{NetworkDynamics.EdgeModel, Nothing, NetworkDynamics.AntiSymmetric{typeof(GridSim._branch_current!)}, NetworkDynamics.PureFeedForward, Static.StaticInt{0}, Static.StaticInt{2}, @NamedTuple{src::Static.StaticInt{2}, dst::Static.StaticInt{2}}, @NamedTuple{src::Static.StaticInt{2}, dst::Static.StaticInt{2}}, Static.StaticInt{0}, Vector{Int64}}}, NetworkDynamics.SequentialAggregator{typeof(+)}}, Tuple{NetworkDynamics.ComponentBatch{NetworkDynamics.VertexModel, typeof(GridSim._detailed_machine_bus!), NetworkDynamics.StateMask{2, UnitRange{Int64}}, NetworkDynamics.PureStateMap, Static.StaticInt{8}, Static.StaticInt{27}, Static.StaticInt{2}, Static.StaticInt{2}, Static.StaticInt{0}, Vector{Int64}}}, LinearAlgebra.Diagonal{Float64, Vector{Float64}}, PreallocationTools.DiffCache{Vector{Float64}, Vector{Float64}}, NetworkDynamics.EagerGBufProvider{Vector{Int64}, PreallocationTools.DiffCache{Vector{Float64}, Vector{Float64}}}, Nothing, Nothing}, NetworkDynamics.Network{NetworkDynamics.SequentialExecution{true}, Graphs.SimpleGraphs.SimpleGraph{Int64}, NetworkDynamics.NetworkLayer{Graphs.SimpleGraphs.SimpleGraph{Int64}, Tuple{NetworkDynamics.ComponentBatch{NetworkDynamics.EdgeModel, Nothing, NetworkDynamics.AntiSymmetric{typeof(GridSim._branch_current!)}, NetworkDynamics.PureFeedForward, Static.StaticInt{0}, Static.StaticInt{2}, @NamedTuple{src::Static.StaticInt{2}, dst::Static.StaticInt{2}}, @NamedTuple{src::Static.StaticInt{2}, dst::Static.StaticInt{2}}, Static.StaticInt{0}, Vector{Int64}}}, NetworkDynamics.SequentialAggregator{typeof(+)}}, Tuple{NetworkDynamics.ComponentBatch{NetworkDynamics.VertexModel, typeof(GridSim._static_machine_bus!), NetworkDynamics.StateMask{2, UnitRange{Int64}}, NetworkDynamics.PureStateMap, Static.StaticInt{3}, Static.StaticInt{15}, Static.StaticInt{2}, Static.StaticInt{2}, Static.StaticInt{0}, Vector{Int64}}}, LinearAlgebra.Diagonal{Float64, Vector{Float64}}, PreallocationTools.DiffCache{Vector{Float64}, Vector{Float64}}, NetworkDynamics.EagerGBufProvider{Vector{Int64}, PreallocationTools.DiffCache{Vector{Float64}, Vector{Float64}}}, Nothing, Nothing}, OrdinaryDiffEqCore.ODEIntegrator{OrdinaryDiffEqRosenbrock.Rodas5P{ADTypes.AutoForwardDiff{1, ForwardDiff.Tag{DiffEqBase.OrdinaryDiffEqTag, Float64}}, Nothing, typeof(OrdinaryDiffEqCore.trivial_limiter!), typeof(OrdinaryDiffEqCore.trivial_limiter!), Nothing}, true, Vector{Float64}, Nothing, Float64, Vector{Float64}, Float64, Float64, Vector{Vector{Float64}}, SciMLBase.ODESolution{Float64, 2, Vector{Vector{Float64}}, Nothing, Nothing, Vector{Float64}, Vector{Vector{Vector{Float64}}}, SymbolicIndexingInterface.ParameterTimeseriesCollection{Tuple{RecursiveArrayTools.DiffEqArray{Float64, 2, Vector{Vector{Float64}}, Vector{Float64}, Nothing, SymbolicIndexingInterface.SymbolCache{Nothing, Nothing, Nothing, Vector{Any}, Dict{Any, Any}}, Nothing, Nothing}}, Vector{Float64}}, SciMLBase.ODEProblem{Vector{Float64}, Tuple{Float64, Float64}, true, Vector{Float64}, SciMLBase.ODEFunction{true, SciMLBase.AutoSpecialize, FunctionWrappersWrappers.FunctionWrappersWrapper{Tuple{FunctionWrappers.FunctionWrapper{Nothing, Tuple{Vector{Float64}, Vector{Float64}, Vector{Float64}, Float64}}, FunctionWrappers.FunctionWrapper{Nothing, Tuple{Vector{ForwardDiff.Dual{ForwardDiff.Tag{DiffEqBase.OrdinaryDiffEqTag, Float64}, Float64, 1}}, Vector{ForwardDiff.Dual{ForwardDiff.Tag{DiffEqBase.OrdinaryDiffEqTag, Float64}, Float64, 1}}, Vector{Float64}, Float64}}, FunctionWrappers.FunctionWrapper{Nothing, Tuple{Vector{ForwardDiff.Dual{ForwardDiff.Tag{DiffEqBase.OrdinaryDiffEqTag, Float64}, Float64, 1}}, Vector{Float64}, Vector{Float64}, ForwardDiff.Dual{ForwardDiff.Tag{DiffEqBase.OrdinaryDiffEqTag, Float64}, Float64, 1}}}, FunctionWrappers.FunctionWrapper{Nothing, Tuple{Vector{ForwardDiff.Dual{ForwardDiff.Tag{DiffEqBase.OrdinaryDiffEqTag, Float64}, Float64, 1}}, Vector{ForwardDiff.Dual{ForwardDiff.Tag{DiffEqBase.OrdinaryDiffEqTag, Float64}, Float64, 1}}, Vector{Float64}, ForwardDiff.Dual{ForwardDiff.Tag{DiffEqBase.OrdinaryDiffEqTag, Float64}, Float64, 1}}}}, FunctionWrappersWrappers.AllowNonIsBits, FunctionWrappersWrappers.SingleCacheStorage}, LinearAlgebra.Diagonal{Float64, Vector{Float64}}, Nothing, Nothing, Nothing, Nothing, Nothing, Nothing, Nothing, Nothing, Nothing, Nothing, Nothing, Nothing, typeof(SciMLBase.DEFAULT_OBSERVED), Nothing, NetworkDynamics.Network{NetworkDynamics.SequentialExecution{true}, Graphs.SimpleGraphs.SimpleGraph{Int64}, NetworkDynamics.NetworkLayer{Graphs.SimpleGraphs.SimpleGraph{Int64}, Tuple{NetworkDynamics.ComponentBatch{NetworkDynamics.EdgeModel, Nothing, NetworkDynamics.AntiSymmetric{typeof(GridSim._branch_current!)}, NetworkDynamics.PureFeedForward, Static.StaticInt{0}, Static.StaticInt{2}, @NamedTuple{src::Static.StaticInt{2}, dst::Static.StaticInt{2}}, @NamedTuple{src::Static.StaticInt{2}, dst::Static.StaticInt{2}}, Static.StaticInt{0}, Vector{Int64}}}, NetworkDynamics.SequentialAggregator{typeof(+)}}, Tuple{NetworkDynamics.ComponentBatch{NetworkDynamics.VertexModel, typeof(GridSim._detailed_machine_bus!), NetworkDynamics.StateMask{2, UnitRange{Int64}}, NetworkDynamics.PureStateMap, Static.StaticInt{8}, Static.StaticInt{27}, Static.StaticInt{2}, Static.StaticInt{2}, Static.StaticInt{0}, Vector{Int64}}}, LinearAlgebra.Diagonal{Float64, Vector{Float64}}, PreallocationTools.DiffCache{Vector{Float64}, Vector{Float64}}, NetworkDynamics.EagerGBufProvider{Vector{Int64}, PreallocationTools.DiffCache{Vector{Float64}, Vector{Float64}}}, Nothing, Nothing}, Nothing, Nothing}, Base.Pairs{Symbol, Any, Nothing, @NamedTuple{callback::SciMLBase.CallbackSet{Vector{Any}, Vector{Any}}, initializealg::DiffEqBase.BrownFullBasicInit{Float64, Nothing}}}, SciMLBase.StandardODEProblem}, OrdinaryDiffEqRosenbrock.Rodas5P{ADTypes.AutoForwardDiff{1, ForwardDiff.Tag{DiffEqBase.OrdinaryDiffEqTag, Float64}}, Nothing, typeof(OrdinaryDiffEqCore.trivial_limiter!), typeof(OrdinaryDiffEqCore.trivial_limiter!), Nothing}, OrdinaryDiffEqCore.InterpolationData{SciMLBase.ODEFunction{true, SciMLBase.AutoSpecialize, FunctionWrappersWrappers.FunctionWrappersWrapper{Tuple{FunctionWrappers.FunctionWrapper{Nothing, Tuple{Vector{Float64}, Vector{Float64}, Vector{Float64}, Float64}}, FunctionWrappers.FunctionWrapper{Nothing, Tuple{Vector{ForwardDiff.Dual{ForwardDiff.Tag{DiffEqBase.OrdinaryDiffEqTag, Float64}, Float64, 1}}, Vector{ForwardDiff.Dual{ForwardDiff.Tag{DiffEqBase.OrdinaryDiffEqTag, Float64}, Float64, 1}}, Vector{Float64}, Float64}}, FunctionWrappers.FunctionWrapper{Nothing, Tuple{Vector{ForwardDiff.Dual{ForwardDiff.Tag{DiffEqBase.OrdinaryDiffEqTag, Float64}, Float64, 1}}, Vector{Float64}, Vector{Float64}, ForwardDiff.Dual{ForwardDiff.Tag{DiffEqBase.OrdinaryDiffEqTag, Float64}, Float64, 1}}}, FunctionWrappers.FunctionWrapper{Nothing, Tuple{Vector{ForwardDiff.Dual{ForwardDiff.Tag{DiffEqBase.OrdinaryDiffEqTag, Float64}, Float64, 1}}, Vector{ForwardDiff.Dual{ForwardDiff.Tag{DiffEqBase.OrdinaryDiffEqTag, Float64}, Float64, 1}}, Vector{Float64}, ForwardDiff.Dual{ForwardDiff.Tag{DiffEqBase.OrdinaryDiffEqTag, Float64}, Float64, 1}}}}, FunctionWrappersWrappers.AllowNonIsBits, FunctionWrappersWrappers.SingleCacheStorage}, LinearAlgebra.Diagonal{Float64, Vector{Float64}}, Nothing, Nothing, Nothing, Nothing, Nothing, Nothing, Nothing, Nothing, Nothing, Nothing, Nothing, Nothing, typeof(SciMLBase.DEFAULT_OBSERVED), Nothing, NetworkDynamics.Network{NetworkDynamics.SequentialExecution{true}, Graphs.SimpleGraphs.SimpleGraph{Int64}, NetworkDynamics.NetworkLayer{Graphs.SimpleGraphs.SimpleGraph{Int64}, Tuple{NetworkDynamics.ComponentBatch{NetworkDynamics.EdgeModel, Nothing, NetworkDynamics.AntiSymmetric{typeof(GridSim._branch_current!)}, NetworkDynamics.PureFeedForward, Static.StaticInt{0}, Static.StaticInt{2}, @NamedTuple{src::Static.StaticInt{2}, dst::Static.StaticInt{2}}, @NamedTuple{src::Static.StaticInt{2}, dst::Static.StaticInt{2}}, Static.StaticInt{0}, Vector{Int64}}}, NetworkDynamics.SequentialAggregator{typeof(+)}}, Tuple{NetworkDynamics.ComponentBatch{NetworkDynamics.VertexModel, typeof(GridSim._detailed_machine_bus!), NetworkDynamics.StateMask{2, UnitRange{Int64}}, NetworkDynamics.PureStateMap, Static.StaticInt{8}, Static.StaticInt{27}, Static.StaticInt{2}, Static.StaticInt{2}, Static.StaticInt{0}, Vector{Int64}}}, LinearAlgebra.Diagonal{Float64, Vector{Float64}}, PreallocationTools.DiffCache{Vector{Float64}, Vector{Float64}}, NetworkDynamics.EagerGBufProvider{Vector{Int64}, PreallocationTools.DiffCache{Vector{Float64}, Vector{Float64}}}, Nothing, Nothing}, Nothing, Nothing}, Vector{Vector{Float64}}, Vector{Float64}, Vector{Vector{Vector{Float64}}}, Nothing, OrdinaryDiffEqRosenbrock.RosenbrockCache{Vector{Float64}, Vector{Float64}, Float64, Vector{Float64}, Matrix{Float64}, Matrix{Float64}, OrdinaryDiffEqRosenbrockTableaus.RodasTableau{Float64, Float64, Vector{Float64}}, SciMLBase.TimeGradientWrapper{true, SciMLBase.ODEFunction{true, SciMLBase.AutoSpecialize, FunctionWrappersWrappers.FunctionWrappersWrapper{Tuple{FunctionWrappers.FunctionWrapper{Nothing, Tuple{Vector{Float64}, Vector{Float64}, Vector{Float64}, Float64}}, FunctionWrappers.FunctionWrapper{Nothing, Tuple{Vector{ForwardDiff.Dual{ForwardDiff.Tag{DiffEqBase.OrdinaryDiffEqTag, Float64}, Float64, 1}}, Vector{ForwardDiff.Dual{ForwardDiff.Tag{DiffEqBase.OrdinaryDiffEqTag, Float64}, Float64, 1}}, Vector{Float64}, Float64}}, FunctionWrappers.FunctionWrapper{Nothing, Tuple{Vector{ForwardDiff.Dual{ForwardDiff.Tag{DiffEqBase.OrdinaryDiffEqTag, Float64}, Float64, 1}}, Vector{Float64}, Vector{Float64}, ForwardDiff.Dual{ForwardDiff.Tag{DiffEqBase.OrdinaryDiffEqTag, Float64}, Float64, 1}}}, FunctionWrappers.FunctionWrapper{Nothing, Tuple{Vector{ForwardDiff.Dual{ForwardDiff.Tag{DiffEqBase.OrdinaryDiffEqTag, Float64}, Float64, 1}}, Vector{ForwardDiff.Dual{ForwardDiff.Tag{DiffEqBase.OrdinaryDiffEqTag, Float64}, Float64, 1}}, Vector{Float64}, ForwardDiff.Dual{ForwardDiff.Tag{DiffEqBase.OrdinaryDiffEqTag, Float64}, Float64, 1}}}}, FunctionWrappersWrappers.AllowNonIsBits, FunctionWrappersWrappers.SingleCacheStorage}, LinearAlgebra.Diagonal{Float64, Vector{Float64}}, Nothing, Nothing, Nothing, Nothing, Nothing, Nothing, Nothing, Nothing, Nothing, Nothing, Nothing, Nothing, typeof(SciMLBase.DEFAULT_OBSERVED), Nothing, NetworkDynamics.Network{NetworkDynamics.SequentialExecution{true}, Graphs.SimpleGraphs.SimpleGraph{Int64}, NetworkDynamics.NetworkLayer{Graphs.SimpleGraphs.SimpleGraph{Int64}, Tuple{NetworkDynamics.ComponentBatch{NetworkDynamics.EdgeModel, Nothing, NetworkDynamics.AntiSymmetric{typeof(GridSim._branch_current!)}, NetworkDynamics.PureFeedForward, Static.StaticInt{0}, Static.StaticInt{2}, @NamedTuple{src::Static.StaticInt{2}, dst::Static.StaticInt{2}}, @NamedTuple{src::Static.StaticInt{2}, dst::Static.StaticInt{2}}, Static.StaticInt{0}, Vector{Int64}}}, NetworkDynamics.SequentialAggregator{typeof(+)}}, Tuple{NetworkDynamics.ComponentBatch{NetworkDynamics.VertexModel, typeof(GridSim._detailed_machine_bus!), NetworkDynamics.StateMask{2, UnitRange{Int64}}, NetworkDynamics.PureStateMap, Static.StaticInt{8}, Static.StaticInt{27}, Static.StaticInt{2}, Static.StaticInt{2}, Static.StaticInt{0}, Vector{Int64}}}, LinearAlgebra.Diagonal{Float64, Vector{Float64}}, PreallocationTools.DiffCache{Vector{Float64}, Vector{Float64}}, NetworkDynamics.EagerGBufProvider{Vector{Int64}, PreallocationTools.DiffCache{Vector{Float64}, Vector{Float64}}}, Nothing, Nothing}, Nothing, Nothing}, Vector{Float64}, Vector{Float64}}, SciMLBase.UJacobianWrapper{true, SciMLBase.ODEFunction{true, SciMLBase.AutoSpecialize, FunctionWrappersWrappers.FunctionWrappersWrapper{Tuple{FunctionWrappers.FunctionWrapper{Nothing, Tuple{Vector{Float64}, Vector{Float64}, Vector{Float64}, Float64}}, FunctionWrappers.FunctionWrapper{Nothing, Tuple{Vector{ForwardDiff.Dual{ForwardDiff.Tag{DiffEqBase.OrdinaryDiffEqTag, Float64}, Float64, 1}}, Vector{ForwardDiff.Dual{ForwardDiff.Tag{DiffEqBase.OrdinaryDiffEqTag, Float64}, Float64, 1}}, Vector{Float64}, Float64}}, FunctionWrappers.FunctionWrapper{Nothing, Tuple{Vector{ForwardDiff.Dual{ForwardDiff.Tag{DiffEqBase.OrdinaryDiffEqTag, Float64}, Float64, 1}}, Vector{Float64}, Vector{Float64}, ForwardDiff.Dual{ForwardDiff.Tag{DiffEqBase.OrdinaryDiffEqTag, Float64}, Float64, 1}}}, FunctionWrappers.FunctionWrapper{Nothing, Tuple{Vector{ForwardDiff.Dual{ForwardDiff.Tag{DiffEqBase.OrdinaryDiffEqTag, Float64}, Float64, 1}}, Vector{ForwardDiff.Dual{ForwardDiff.Tag{DiffEqBase.OrdinaryDiffEqTag, Float64}, Float64, 1}}, Vector{Float64}, ForwardDiff.Dual{ForwardDiff.Tag{DiffEqBase.OrdinaryDiffEqTag, Float64}, Float64, 1}}}}, FunctionWrappersWrappers.AllowNonIsBits, FunctionWrappersWrappers.SingleCacheStorage}, LinearAlgebra.Diagonal{Float64, Vector{Float64}}, Nothing, Nothing, Nothing, Nothing, Nothing, Nothing, Nothing, Nothing, Nothing, Nothing, Nothing, Nothing, typeof(SciMLBase.DEFAULT_OBSERVED), Nothing, NetworkDynamics.Network{NetworkDynamics.SequentialExecution{true}, Graphs.SimpleGraphs.SimpleGraph{Int64}, NetworkDynamics.NetworkLayer{Graphs.SimpleGraphs.SimpleGraph{Int64}, Tuple{NetworkDynamics.ComponentBatch{NetworkDynamics.EdgeModel, Nothing, NetworkDynamics.AntiSymmetric{typeof(GridSim._branch_current!)}, NetworkDynamics.PureFeedForward, Static.StaticInt{0}, Static.StaticInt{2}, @NamedTuple{src::Static.StaticInt{2}, dst::Static.StaticInt{2}}, @NamedTuple{src::Static.StaticInt{2}, dst::Static.StaticInt{2}}, Static.StaticInt{0}, Vector{Int64}}}, NetworkDynamics.SequentialAggregator{typeof(+)}}, Tuple{NetworkDynamics.ComponentBatch{NetworkDynamics.VertexModel, typeof(GridSim._detailed_machine_bus!), NetworkDynamics.StateMask{2, UnitRange{Int64}}, NetworkDynamics.PureStateMap, Static.StaticInt{8}, Static.StaticInt{27}, Static.StaticInt{2}, Static.StaticInt{2}, Static.StaticInt{0}, Vector{Int64}}}, LinearAlgebra.Diagonal{Float64, Vector{Float64}}, PreallocationTools.DiffCache{Vector{Float64}, Vector{Float64}}, NetworkDynamics.EagerGBufProvider{Vector{Int64}, PreallocationTools.DiffCache{Vector{Float64}, Vector{Float64}}}, Nothing, Nothing}, Nothing, Nothing}, Float64, Vector{Float64}}, LinearSolve.LinearCache{Matrix{Float64}, Vector{Float64}, Vector{Float64}, Tuple{Nothing, Vector{Float64}, Vector{Float64}, Float64}, LinearSolve.DefaultLinearSolver, LinearSolve.DefaultLinearSolverInit{LinearAlgebra.LU{Float64, Matrix{Float64}, Vector{Int64}}, LinearAlgebra.QRCompactWY{Float64, Matrix{Float64}, Matrix{Float64}}, Nothing, Nothing, Nothing, Nothing, Nothing, Nothing, LinearSolve._GenericLUFactorizationCache{LinearAlgebra.LU{Float64, Matrix{Float64}, Vector{Int64}}, Vector{Int64}, Vector{Float64}}, Tuple{LinearAlgebra.LU{Float64, Matrix{Float64}, Vector{Int64}}, Vector{Int64}}, Nothing, Nothing, Nothing, LinearAlgebra.SVD{Float64, Float64, Matrix{Float64}, Vector{Float64}}, LinearAlgebra.Cholesky{Float64, Matrix{Float64}}, LinearAlgebra.Cholesky{Float64, Matrix{Float64}}, LinearSolve.AppleAccelerateLUCache{Matrix{Float64}, Vector{Int32}, Base.RefValue{Int32}}, Tuple{LinearAlgebra.LU{Float64, Matrix{Float64}, Vector{Int64}}, Base.RefValue{Int64}}, LinearAlgebra.QRPivoted{Float64, Matrix{Float64}, Vector{Float64}, Vector{Int64}}, Nothing, Nothing, Nothing, Nothing, Nothing, Nothing, Nothing, Matrix{Float64}, Vector{Float64}, Nothing}, SciMLOperators.IdentityOperator, SciMLOperators.IdentityOperator, Float64, LinearSolve.LinearVerbosity{true}, Bool, LinearSolve.LinearSolveAdjoint{Missing, Missing, Missing}, Nothing}, Tuple{DifferentiationInterfaceForwardDiffExt.ForwardDiffTwoArgJacobianPrep{Nothing, ForwardDiff.JacobianConfig{ForwardDiff.Tag{DiffEqBase.OrdinaryDiffEqTag, Float64}, Float64, 1, Tuple{Vector{ForwardDiff.Dual{ForwardDiff.Tag{DiffEqBase.OrdinaryDiffEqTag, Float64}, Float64, 1}}, Vector{ForwardDiff.Dual{ForwardDiff.Tag{DiffEqBase.OrdinaryDiffEqTag, Float64}, Float64, 1}}}}, Tuple{}}, DifferentiationInterfaceForwardDiffExt.ForwardDiffTwoArgJacobianPrep{Nothing, ForwardDiff.JacobianConfig{ForwardDiff.Tag{DiffEqBase.OrdinaryDiffEqTag, Float64}, Float64, 1, Tuple{Vector{ForwardDiff.Dual{ForwardDiff.Tag{DiffEqBase.OrdinaryDiffEqTag, Float64}, Float64, 1}}, Vector{ForwardDiff.Dual{ForwardDiff.Tag{DiffEqBase.OrdinaryDiffEqTag, Float64}, Float64, 1}}}}, Tuple{}}}, Tuple{DifferentiationInterfaceForwardDiffExt.ForwardDiffTwoArgDerivativePrep{Tuple{SciMLBase.TimeGradientWrapper{true, SciMLBase.ODEFunction{true, SciMLBase.AutoSpecialize, FunctionWrappersWrappers.FunctionWrappersWrapper{Tuple{FunctionWrappers.FunctionWrapper{Nothing, Tuple{Vector{Float64}, Vector{Float64}, Vector{Float64}, Float64}}, FunctionWrappers.FunctionWrapper{Nothing, Tuple{Vector{ForwardDiff.Dual{ForwardDiff.Tag{DiffEqBase.OrdinaryDiffEqTag, Float64}, Float64, 1}}, Vector{ForwardDiff.Dual{ForwardDiff.Tag{DiffEqBase.OrdinaryDiffEqTag, Float64}, Float64, 1}}, Vector{Float64}, Float64}}, FunctionWrappers.FunctionWrapper{Nothing, Tuple{Vector{ForwardDiff.Dual{ForwardDiff.Tag{DiffEqBase.OrdinaryDiffEqTag, Float64}, Float64, 1}}, Vector{Float64}, Vector{Float64}, ForwardDiff.Dual{ForwardDiff.Tag{DiffEqBase.OrdinaryDiffEqTag, Float64}, Float64, 1}}}, FunctionWrappers.FunctionWrapper{Nothing, Tuple{Vector{ForwardDiff.Dual{ForwardDiff.Tag{DiffEqBase.OrdinaryDiffEqTag, Float64}, Float64, 1}}, Vector{ForwardDiff.Dual{ForwardDiff.Tag{DiffEqBase.OrdinaryDiffEqTag, Float64}, Float64, 1}}, Vector{Float64}, ForwardDiff.Dual{ForwardDiff.Tag{DiffEqBase.OrdinaryDiffEqTag, Float64}, Float64, 1}}}}, FunctionWrappersWrappers.AllowNonIsBits, FunctionWrappersWrappers.SingleCacheStorage}, LinearAlgebra.Diagonal{Float64, Vector{Float64}}, Nothing, Nothing, Nothing, Nothing, Nothing, Nothing, Nothing, Nothing, Nothing, Nothing, Nothing, Nothing, typeof(SciMLBase.DEFAULT_OBSERVED), Nothing, NetworkDynamics.Network{NetworkDynamics.SequentialExecution{true}, Graphs.SimpleGraphs.SimpleGraph{Int64}, NetworkDynamics.NetworkLayer{Graphs.SimpleGraphs.SimpleGraph{Int64}, Tuple{NetworkDynamics.ComponentBatch{NetworkDynamics.EdgeModel, Nothing, NetworkDynamics.AntiSymmetric{typeof(GridSim._branch_current!)}, NetworkDynamics.PureFeedForward, Static.StaticInt{0}, Static.StaticInt{2}, @NamedTuple{src::Static.StaticInt{2}, dst::Static.StaticInt{2}}, @NamedTuple{src::Static.StaticInt{2}, dst::Static.StaticInt{2}}, Static.StaticInt{0}, Vector{Int64}}}, NetworkDynamics.SequentialAggregator{typeof(+)}}, Tuple{NetworkDynamics.ComponentBatch{NetworkDynamics.VertexModel, typeof(GridSim._detailed_machine_bus!), NetworkDynamics.StateMask{2, UnitRange{Int64}}, NetworkDynamics.PureStateMap, Static.StaticInt{8}, Static.StaticInt{27}, Static.StaticInt{2}, Static.StaticInt{2}, Static.StaticInt{0}, Vector{Int64}}}, LinearAlgebra.Diagonal{Float64, Vector{Float64}}, PreallocationTools.DiffCache{Vector{Float64}, Vector{Float64}}, NetworkDynamics.EagerGBufProvider{Vector{Int64}, PreallocationTools.DiffCache{Vector{Float64}, Vector{Float64}}}, Nothing, Nothing}, Nothing, Nothing}, Vector{Float64}, Vector{Float64}}, Vector{Float64}, ADTypes.AutoForwardDiff{1, ForwardDiff.Tag{DiffEqBase.OrdinaryDiffEqTag, Float64}}, Float64, Tuple{}}, Float64, ForwardDiff.DerivativeConfig{ForwardDiff.Tag{DiffEqBase.OrdinaryDiffEqTag, Float64}, Vector{ForwardDiff.Dual{ForwardDiff.Tag{DiffEqBase.OrdinaryDiffEqTag, Float64}, Float64, 1}}}, Tuple{}}, DifferentiationInterfaceForwardDiffExt.ForwardDiffTwoArgDerivativePrep{Tuple{SciMLBase.TimeGradientWrapper{true, SciMLBase.ODEFunction{true, SciMLBase.AutoSpecialize, FunctionWrappersWrappers.FunctionWrappersWrapper{Tuple{FunctionWrappers.FunctionWrapper{Nothing, Tuple{Vector{Float64}, Vector{Float64}, Vector{Float64}, Float64}}, FunctionWrappers.FunctionWrapper{Nothing, Tuple{Vector{ForwardDiff.Dual{ForwardDiff.Tag{DiffEqBase.OrdinaryDiffEqTag, Float64}, Float64, 1}}, Vector{ForwardDiff.Dual{ForwardDiff.Tag{DiffEqBase.OrdinaryDiffEqTag, Float64}, Float64, 1}}, Vector{Float64}, Float64}}, FunctionWrappers.FunctionWrapper{Nothing, Tuple{Vector{ForwardDiff.Dual{ForwardDiff.Tag{DiffEqBase.OrdinaryDiffEqTag, Float64}, Float64, 1}}, Vector{Float64}, Vector{Float64}, ForwardDiff.Dual{ForwardDiff.Tag{DiffEqBase.OrdinaryDiffEqTag, Float64}, Float64, 1}}}, FunctionWrappers.FunctionWrapper{Nothing, Tuple{Vector{ForwardDiff.Dual{ForwardDiff.Tag{DiffEqBase.OrdinaryDiffEqTag, Float64}, Float64, 1}}, Vector{ForwardDiff.Dual{ForwardDiff.Tag{DiffEqBase.OrdinaryDiffEqTag, Float64}, Float64, 1}}, Vector{Float64}, ForwardDiff.Dual{ForwardDiff.Tag{DiffEqBase.OrdinaryDiffEqTag, Float64}, Float64, 1}}}}, FunctionWrappersWrappers.AllowNonIsBits, FunctionWrappersWrappers.SingleCacheStorage}, LinearAlgebra.Diagonal{Float64, Vector{Float64}}, Nothing, Nothing, Nothing, Nothing, Nothing, Nothing, Nothing, Nothing, Nothing, Nothing, Nothing, Nothing, typeof(SciMLBase.DEFAULT_OBSERVED), Nothing, NetworkDynamics.Network{NetworkDynamics.SequentialExecution{true}, Graphs.SimpleGraphs.SimpleGraph{Int64}, NetworkDynamics.NetworkLayer{Graphs.SimpleGraphs.SimpleGraph{Int64}, Tuple{NetworkDynamics.ComponentBatch{NetworkDynamics.EdgeModel, Nothing, NetworkDynamics.AntiSymmetric{typeof(GridSim._branch_current!)}, NetworkDynamics.PureFeedForward, Static.StaticInt{0}, Static.StaticInt{2}, @NamedTuple{src::Static.StaticInt{2}, dst::Static.StaticInt{2}}, @NamedTuple{src::Static.StaticInt{2}, dst::Static.StaticInt{2}}, Static.StaticInt{0}, Vector{Int64}}}, NetworkDynamics.SequentialAggregator{typeof(+)}}, Tuple{NetworkDynamics.ComponentBatch{NetworkDynamics.VertexModel, typeof(GridSim._detailed_machine_bus!), NetworkDynamics.StateMask{2, UnitRange{Int64}}, NetworkDynamics.PureStateMap, Static.StaticInt{8}, Static.StaticInt{27}, Static.StaticInt{2}, Static.StaticInt{2}, Static.StaticInt{0}, Vector{Int64}}}, LinearAlgebra.Diagonal{Float64, Vector{Float64}}, PreallocationTools.DiffCache{Vector{Float64}, Vector{Float64}}, NetworkDynamics.EagerGBufProvider{Vector{Int64}, PreallocationTools.DiffCache{Vector{Float64}, Vector{Float64}}}, Nothing, Nothing}, Nothing, Nothing}, Vector{Float64}, Vector{Float64}}, Vector{Float64}, ADTypes.AutoForwardDiff{1, ForwardDiff.Tag{DiffEqBase.OrdinaryDiffEqTag, Float64}}, Float64, Tuple{}}, Float64, ForwardDiff.DerivativeConfig{ForwardDiff.Tag{DiffEqBase.OrdinaryDiffEqTag, Float64}, Vector{ForwardDiff.Dual{ForwardDiff.Tag{DiffEqBase.OrdinaryDiffEqTag, Float64}, Float64, 1}}}, Tuple{}}}, Float64, OrdinaryDiffEqRosenbrock.Rodas5P{ADTypes.AutoForwardDiff{1, ForwardDiff.Tag{DiffEqBase.OrdinaryDiffEqTag, Float64}}, Nothing, typeof(OrdinaryDiffEqCore.trivial_limiter!), typeof(OrdinaryDiffEqCore.trivial_limiter!), Nothing}, typeof(OrdinaryDiffEqCore.trivial_limiter!), typeof(OrdinaryDiffEqCore.trivial_limiter!), OrdinaryDiffEqRosenbrock.JacReuseState{Float64, Matrix{Float64}, Vector{Float64}, Matrix{Float64}}}, BitVector}, SciMLBase.DEStats, Nothing, Nothing, Nothing, Nothing, Nothing, SciMLBase.ReturnCode.T}, SciMLBase.ODEFunction{true, SciMLBase.AutoSpecialize, FunctionWrappersWrappers.FunctionWrappersWrapper{Tuple{FunctionWrappers.FunctionWrapper{Nothing, Tuple{Vector{Float64}, Vector{Float64}, Vector{Float64}, Float64}}, FunctionWrappers.FunctionWrapper{Nothing, Tuple{Vector{ForwardDiff.Dual{ForwardDiff.Tag{DiffEqBase.OrdinaryDiffEqTag, Float64}, Float64, 1}}, Vector{ForwardDiff.Dual{ForwardDiff.Tag{DiffEqBase.OrdinaryDiffEqTag, Float64}, Float64, 1}}, Vector{Float64}, Float64}}, FunctionWrappers.FunctionWrapper{Nothing, Tuple{Vector{ForwardDiff.Dual{ForwardDiff.Tag{DiffEqBase.OrdinaryDiffEqTag, Float64}, Float64, 1}}, Vector{Float64}, Vector{Float64}, ForwardDiff.Dual{ForwardDiff.Tag{DiffEqBase.OrdinaryDiffEqTag, Float64}, Float64, 1}}}, FunctionWrappers.FunctionWrapper{Nothing, Tuple{Vector{ForwardDiff.Dual{ForwardDiff.Tag{DiffEqBase.OrdinaryDiffEqTag, Float64}, Float64, 1}}, Vector{ForwardDiff.Dual{ForwardDiff.Tag{DiffEqBase.OrdinaryDiffEqTag, Float64}, Float64, 1}}, Vector{Float64}, ForwardDiff.Dual{ForwardDiff.Tag{DiffEqBase.OrdinaryDiffEqTag, Float64}, Float64, 1}}}}, FunctionWrappersWrappers.AllowNonIsBits, FunctionWrappersWrappers.SingleCacheStorage}, LinearAlgebra.Diagonal{Float64, Vector{Float64}}, Nothing, Nothing, Nothing, Nothing, Nothing, Nothing, Nothing, Nothing, Nothing, Nothing, Nothing, Nothing, typeof(SciMLBase.DEFAULT_OBSERVED), Nothing, NetworkDynamics.Network{NetworkDynamics.SequentialExecution{true}, Graphs.SimpleGraphs.SimpleGraph{Int64}, NetworkDynamics.NetworkLayer{Graphs.SimpleGraphs.SimpleGraph{Int64}, Tuple{NetworkDynamics.ComponentBatch{NetworkDynamics.EdgeModel, Nothing, NetworkDynamics.AntiSymmetric{typeof(GridSim._branch_current!)}, NetworkDynamics.PureFeedForward, Static.StaticInt{0}, Static.StaticInt{2}, @NamedTuple{src::Static.StaticInt{2}, dst::Static.StaticInt{2}}, @NamedTuple{src::Static.StaticInt{2}, dst::Static.StaticInt{2}}, Static.StaticInt{0}, Vector{Int64}}}, NetworkDynamics.SequentialAggregator{typeof(+)}}, Tuple{NetworkDynamics.ComponentBatch{NetworkDynamics.VertexModel, typeof(GridSim._detailed_machine_bus!), NetworkDynamics.StateMask{2, UnitRange{Int64}}, NetworkDynamics.PureStateMap, Static.StaticInt{8}, Static.StaticInt{27}, Static.StaticInt{2}, Static.StaticInt{2}, Static.StaticInt{0}, Vector{Int64}}}, LinearAlgebra.Diagonal{Float64, Vector{Float64}}, PreallocationTools.DiffCache{Vector{Float64}, Vector{Float64}}, NetworkDynamics.EagerGBufProvider{Vector{Int64}, PreallocationTools.DiffCache{Vector{Float64}, Vector{Float64}}}, Nothing, Nothing}, Nothing, Nothing}, OrdinaryDiffEqRosenbrock.RosenbrockCache{Vector{Float64}, Vector{Float64}, Float64, Vector{Float64}, Matrix{Float64}, Matrix{Float64}, OrdinaryDiffEqRosenbrockTableaus.RodasTableau{Float64, Float64, Vector{Float64}}, SciMLBase.TimeGradientWrapper{true, SciMLBase.ODEFunction{true, SciMLBase.AutoSpecialize, FunctionWrappersWrappers.FunctionWrappersWrapper{Tuple{FunctionWrappers.FunctionWrapper{Nothing, Tuple{Vector{Float64}, Vector{Float64}, Vector{Float64}, Float64}}, FunctionWrappers.FunctionWrapper{Nothing, Tuple{Vector{ForwardDiff.Dual{ForwardDiff.Tag{DiffEqBase.OrdinaryDiffEqTag, Float64}, Float64, 1}}, Vector{ForwardDiff.Dual{ForwardDiff.Tag{DiffEqBase.OrdinaryDiffEqTag, Float64}, Float64, 1}}, Vector{Float64}, Float64}}, FunctionWrappers.FunctionWrapper{Nothing, Tuple{Vector{ForwardDiff.Dual{ForwardDiff.Tag{DiffEqBase.OrdinaryDiffEqTag, Float64}, Float64, 1}}, Vector{Float64}, Vector{Float64}, ForwardDiff.Dual{ForwardDiff.Tag{DiffEqBase.OrdinaryDiffEqTag, Float64}, Float64, 1}}}, FunctionWrappers.FunctionWrapper{Nothing, Tuple{Vector{ForwardDiff.Dual{ForwardDiff.Tag{DiffEqBase.OrdinaryDiffEqTag, Float64}, Float64, 1}}, Vector{ForwardDiff.Dual{ForwardDiff.Tag{DiffEqBase.OrdinaryDiffEqTag, Float64}, Float64, 1}}, Vector{Float64}, ForwardDiff.Dual{ForwardDiff.Tag{DiffEqBase.OrdinaryDiffEqTag, Float64}, Float64, 1}}}}, FunctionWrappersWrappers.AllowNonIsBits, FunctionWrappersWrappers.SingleCacheStorage}, LinearAlgebra.Diagonal{Float64, Vector{Float64}}, Nothing, Nothing, Nothing, Nothing, Nothing, Nothing, Nothing, Nothing, Nothing, Nothing, Nothing, Nothing, typeof(SciMLBase.DEFAULT_OBSERVED), Nothing, NetworkDynamics.Network{NetworkDynamics.SequentialExecution{true}, Graphs.SimpleGraphs.SimpleGraph{Int64}, NetworkDynamics.NetworkLayer{Graphs.SimpleGraphs.SimpleGraph{Int64}, Tuple{NetworkDynamics.ComponentBatch{NetworkDynamics.EdgeModel, Nothing, NetworkDynamics.AntiSymmetric{typeof(GridSim._branch_current!)}, NetworkDynamics.PureFeedForward, Static.StaticInt{0}, Static.StaticInt{2}, @NamedTuple{src::Static.StaticInt{2}, dst::Static.StaticInt{2}}, @NamedTuple{src::Static.StaticInt{2}, dst::Static.StaticInt{2}}, Static.StaticInt{0}, Vector{Int64}}}, NetworkDynamics.SequentialAggregator{typeof(+)}}, Tuple{NetworkDynamics.ComponentBatch{NetworkDynamics.VertexModel, typeof(GridSim._detailed_machine_bus!), NetworkDynamics.StateMask{2, UnitRange{Int64}}, NetworkDynamics.PureStateMap, Static.StaticInt{8}, Static.StaticInt{27}, Static.StaticInt{2}, Static.StaticInt{2}, Static.StaticInt{0}, Vector{Int64}}}, LinearAlgebra.Diagonal{Float64, Vector{Float64}}, PreallocationTools.DiffCache{Vector{Float64}, Vector{Float64}}, NetworkDynamics.EagerGBufProvider{Vector{Int64}, PreallocationTools.DiffCache{Vector{Float64}, Vector{Float64}}}, Nothing, Nothing}, Nothing, Nothing}, Vector{Float64}, Vector{Float64}}, SciMLBase.UJacobianWrapper{true, SciMLBase.ODEFunction{true, SciMLBase.AutoSpecialize, FunctionWrappersWrappers.FunctionWrappersWrapper{Tuple{FunctionWrappers.FunctionWrapper{Nothing, Tuple{Vector{Float64}, Vector{Float64}, Vector{Float64}, Float64}}, FunctionWrappers.FunctionWrapper{Nothing, Tuple{Vector{ForwardDiff.Dual{ForwardDiff.Tag{DiffEqBase.OrdinaryDiffEqTag, Float64}, Float64, 1}}, Vector{ForwardDiff.Dual{ForwardDiff.Tag{DiffEqBase.OrdinaryDiffEqTag, Float64}, Float64, 1}}, Vector{Float64}, Float64}}, FunctionWrappers.FunctionWrapper{Nothing, Tuple{Vector{ForwardDiff.Dual{ForwardDiff.Tag{DiffEqBase.OrdinaryDiffEqTag, Float64}, Float64, 1}}, Vector{Float64}, Vector{Float64}, ForwardDiff.Dual{ForwardDiff.Tag{DiffEqBase.OrdinaryDiffEqTag, Float64}, Float64, 1}}}, FunctionWrappers.FunctionWrapper{Nothing, Tuple{Vector{ForwardDiff.Dual{ForwardDiff.Tag{DiffEqBase.OrdinaryDiffEqTag, Float64}, Float64, 1}}, Vector{ForwardDiff.Dual{ForwardDiff.Tag{DiffEqBase.OrdinaryDiffEqTag, Float64}, Float64, 1}}, Vector{Float64}, ForwardDiff.Dual{ForwardDiff.Tag{DiffEqBase.OrdinaryDiffEqTag, Float64}, Float64, 1}}}}, FunctionWrappersWrappers.AllowNonIsBits, FunctionWrappersWrappers.SingleCacheStorage}, LinearAlgebra.Diagonal{Float64, Vector{Float64}}, Nothing, Nothing, Nothing, Nothing, Nothing, Nothing, Nothing, Nothing, Nothing, Nothing, Nothing, Nothing, typeof(SciMLBase.DEFAULT_OBSERVED), Nothing, NetworkDynamics.Network{NetworkDynamics.SequentialExecution{true}, Graphs.SimpleGraphs.SimpleGraph{Int64}, NetworkDynamics.NetworkLayer{Graphs.SimpleGraphs.SimpleGraph{Int64}, Tuple{NetworkDynamics.ComponentBatch{NetworkDynamics.EdgeModel, Nothing, NetworkDynamics.AntiSymmetric{typeof(GridSim._branch_current!)}, NetworkDynamics.PureFeedForward, Static.StaticInt{0}, Static.StaticInt{2}, @NamedTuple{src::Static.StaticInt{2}, dst::Static.StaticInt{2}}, @NamedTuple{src::Static.StaticInt{2}, dst::Static.StaticInt{2}}, Static.StaticInt{0}, Vector{Int64}}}, NetworkDynamics.SequentialAggregator{typeof(+)}}, Tuple{NetworkDynamics.ComponentBatch{NetworkDynamics.VertexModel, typeof(GridSim._detailed_machine_bus!), NetworkDynamics.StateMask{2, UnitRange{Int64}}, NetworkDynamics.PureStateMap, Static.StaticInt{8}, Static.StaticInt{27}, Static.StaticInt{2}, Static.StaticInt{2}, Static.StaticInt{0}, Vector{Int64}}}, LinearAlgebra.Diagonal{Float64, Vector{Float64}}, PreallocationTools.DiffCache{Vector{Float64}, Vector{Float64}}, NetworkDynamics.EagerGBufProvider{Vector{Int64}, PreallocationTools.DiffCache{Vector{Float64}, Vector{Float64}}}, Nothing, Nothing}, Nothing, Nothing}, Float64, Vector{Float64}}, LinearSolve.LinearCache{Matrix{Float64}, Vector{Float64}, Vector{Float64}, Tuple{Nothing, Vector{Float64}, Vector{Float64}, Float64}, LinearSolve.DefaultLinearSolver, LinearSolve.DefaultLinearSolverInit{LinearAlgebra.LU{Float64, Matrix{Float64}, Vector{Int64}}, LinearAlgebra.QRCompactWY{Float64, Matrix{Float64}, Matrix{Float64}}, Nothing, Nothing, Nothing, Nothing, Nothing, Nothing, LinearSolve._GenericLUFactorizationCache{LinearAlgebra.LU{Float64, Matrix{Float64}, Vector{Int64}}, Vector{Int64}, Vector{Float64}}, Tuple{LinearAlgebra.LU{Float64, Matrix{Float64}, Vector{Int64}}, Vector{Int64}}, Nothing, Nothing, Nothing, LinearAlgebra.SVD{Float64, Float64, Matrix{Float64}, Vector{Float64}}, LinearAlgebra.Cholesky{Float64, Matrix{Float64}}, LinearAlgebra.Cholesky{Float64, Matrix{Float64}}, LinearSolve.AppleAccelerateLUCache{Matrix{Float64}, Vector{Int32}, Base.RefValue{Int32}}, Tuple{LinearAlgebra.LU{Float64, Matrix{Float64}, Vector{Int64}}, Base.RefValue{Int64}}, LinearAlgebra.QRPivoted{Float64, Matrix{Float64}, Vector{Float64}, Vector{Int64}}, Nothing, Nothing, Nothing, Nothing, Nothing, Nothing, Nothing, Matrix{Float64}, Vector{Float64}, Nothing}, SciMLOperators.IdentityOperator, SciMLOperators.IdentityOperator, Float64, LinearSolve.LinearVerbosity{true}, Bool, LinearSolve.LinearSolveAdjoint{Missing, Missing, Missing}, Nothing}, Tuple{DifferentiationInterfaceForwardDiffExt.ForwardDiffTwoArgJacobianPrep{Nothing, ForwardDiff.JacobianConfig{ForwardDiff.Tag{DiffEqBase.OrdinaryDiffEqTag, Float64}, Float64, 1, Tuple{Vector{ForwardDiff.Dual{ForwardDiff.Tag{DiffEqBase.OrdinaryDiffEqTag, Float64}, Float64, 1}}, Vector{ForwardDiff.Dual{ForwardDiff.Tag{DiffEqBase.OrdinaryDiffEqTag, Float64}, Float64, 1}}}}, Tuple{}}, DifferentiationInterfaceForwardDiffExt.ForwardDiffTwoArgJacobianPrep{Nothing, ForwardDiff.JacobianConfig{ForwardDiff.Tag{DiffEqBase.OrdinaryDiffEqTag, Float64}, Float64, 1, Tuple{Vector{ForwardDiff.Dual{ForwardDiff.Tag{DiffEqBase.OrdinaryDiffEqTag, Float64}, Float64, 1}}, Vector{ForwardDiff.Dual{ForwardDiff.Tag{DiffEqBase.OrdinaryDiffEqTag, Float64}, Float64, 1}}}}, Tuple{}}}, Tuple{DifferentiationInterfaceForwardDiffExt.ForwardDiffTwoArgDerivativePrep{Tuple{SciMLBase.TimeGradientWrapper{true, SciMLBase.ODEFunction{true, SciMLBase.AutoSpecialize, FunctionWrappersWrappers.FunctionWrappersWrapper{Tuple{FunctionWrappers.FunctionWrapper{Nothing, Tuple{Vector{Float64}, Vector{Float64}, Vector{Float64}, Float64}}, FunctionWrappers.FunctionWrapper{Nothing, Tuple{Vector{ForwardDiff.Dual{ForwardDiff.Tag{DiffEqBase.OrdinaryDiffEqTag, Float64}, Float64, 1}}, Vector{ForwardDiff.Dual{ForwardDiff.Tag{DiffEqBase.OrdinaryDiffEqTag, Float64}, Float64, 1}}, Vector{Float64}, Float64}}, FunctionWrappers.FunctionWrapper{Nothing, Tuple{Vector{ForwardDiff.Dual{ForwardDiff.Tag{DiffEqBase.OrdinaryDiffEqTag, Float64}, Float64, 1}}, Vector{Float64}, Vector{Float64}, ForwardDiff.Dual{ForwardDiff.Tag{DiffEqBase.OrdinaryDiffEqTag, Float64}, Float64, 1}}}, FunctionWrappers.FunctionWrapper{Nothing, Tuple{Vector{ForwardDiff.Dual{ForwardDiff.Tag{DiffEqBase.OrdinaryDiffEqTag, Float64}, Float64, 1}}, Vector{ForwardDiff.Dual{ForwardDiff.Tag{DiffEqBase.OrdinaryDiffEqTag, Float64}, Float64, 1}}, Vector{Float64}, ForwardDiff.Dual{ForwardDiff.Tag{DiffEqBase.OrdinaryDiffEqTag, Float64}, Float64, 1}}}}, FunctionWrappersWrappers.AllowNonIsBits, FunctionWrappersWrappers.SingleCacheStorage}, LinearAlgebra.Diagonal{Float64, Vector{Float64}}, Nothing, Nothing, Nothing, Nothing, Nothing, Nothing, Nothing, Nothing, Nothing, Nothing, Nothing, Nothing, typeof(SciMLBase.DEFAULT_OBSERVED), Nothing, NetworkDynamics.Network{NetworkDynamics.SequentialExecution{true}, Graphs.SimpleGraphs.SimpleGraph{Int64}, NetworkDynamics.NetworkLayer{Graphs.SimpleGraphs.SimpleGraph{Int64}, Tuple{NetworkDynamics.ComponentBatch{NetworkDynamics.EdgeModel, Nothing, NetworkDynamics.AntiSymmetric{typeof(GridSim._branch_current!)}, NetworkDynamics.PureFeedForward, Static.StaticInt{0}, Static.StaticInt{2}, @NamedTuple{src::Static.StaticInt{2}, dst::Static.StaticInt{2}}, @NamedTuple{src::Static.StaticInt{2}, dst::Static.StaticInt{2}}, Static.StaticInt{0}, Vector{Int64}}}, NetworkDynamics.SequentialAggregator{typeof(+)}}, Tuple{NetworkDynamics.ComponentBatch{NetworkDynamics.VertexModel, typeof(GridSim._detailed_machine_bus!), NetworkDynamics.StateMask{2, UnitRange{Int64}}, NetworkDynamics.PureStateMap, Static.StaticInt{8}, Static.StaticInt{27}, Static.StaticInt{2}, Static.StaticInt{2}, Static.StaticInt{0}, Vector{Int64}}}, LinearAlgebra.Diagonal{Float64, Vector{Float64}}, PreallocationTools.DiffCache{Vector{Float64}, Vector{Float64}}, NetworkDynamics.EagerGBufProvider{Vector{Int64}, PreallocationTools.DiffCache{Vector{Float64}, Vector{Float64}}}, Nothing, Nothing}, Nothing, Nothing}, Vector{Float64}, Vector{Float64}}, Vector{Float64}, ADTypes.AutoForwardDiff{1, ForwardDiff.Tag{DiffEqBase.OrdinaryDiffEqTag, Float64}}, Float64, Tuple{}}, Float64, ForwardDiff.DerivativeConfig{ForwardDiff.Tag{DiffEqBase.OrdinaryDiffEqTag, Float64}, Vector{ForwardDiff.Dual{ForwardDiff.Tag{DiffEqBase.OrdinaryDiffEqTag, Float64}, Float64, 1}}}, Tuple{}}, DifferentiationInterfaceForwardDiffExt.ForwardDiffTwoArgDerivativePrep{Tuple{SciMLBase.TimeGradientWrapper{true, SciMLBase.ODEFunction{true, SciMLBase.AutoSpecialize, FunctionWrappersWrappers.FunctionWrappersWrapper{Tuple{FunctionWrappers.FunctionWrapper{Nothing, Tuple{Vector{Float64}, Vector{Float64}, Vector{Float64}, Float64}}, FunctionWrappers.FunctionWrapper{Nothing, Tuple{Vector{ForwardDiff.Dual{ForwardDiff.Tag{DiffEqBase.OrdinaryDiffEqTag, Float64}, Float64, 1}}, Vector{ForwardDiff.Dual{ForwardDiff.Tag{DiffEqBase.OrdinaryDiffEqTag, Float64}, Float64, 1}}, Vector{Float64}, Float64}}, FunctionWrappers.FunctionWrapper{Nothing, Tuple{Vector{ForwardDiff.Dual{ForwardDiff.Tag{DiffEqBase.OrdinaryDiffEqTag, Float64}, Float64, 1}}, Vector{Float64}, Vector{Float64}, ForwardDiff.Dual{ForwardDiff.Tag{DiffEqBase.OrdinaryDiffEqTag, Float64}, Float64, 1}}}, FunctionWrappers.FunctionWrapper{Nothing, Tuple{Vector{ForwardDiff.Dual{ForwardDiff.Tag{DiffEqBase.OrdinaryDiffEqTag, Float64}, Float64, 1}}, Vector{ForwardDiff.Dual{ForwardDiff.Tag{DiffEqBase.OrdinaryDiffEqTag, Float64}, Float64, 1}}, Vector{Float64}, ForwardDiff.Dual{ForwardDiff.Tag{DiffEqBase.OrdinaryDiffEqTag, Float64}, Float64, 1}}}}, FunctionWrappersWrappers.AllowNonIsBits, FunctionWrappersWrappers.SingleCacheStorage}, LinearAlgebra.Diagonal{Float64, Vector{Float64}}, Nothing, Nothing, Nothing, Nothing, Nothing, Nothing, Nothing, Nothing, Nothing, Nothing, Nothing, Nothing, typeof(SciMLBase.DEFAULT_OBSERVED), Nothing, NetworkDynamics.Network{NetworkDynamics.SequentialExecution{true}, Graphs.SimpleGraphs.SimpleGraph{Int64}, NetworkDynamics.NetworkLayer{Graphs.SimpleGraphs.SimpleGraph{Int64}, Tuple{NetworkDynamics.ComponentBatch{NetworkDynamics.EdgeModel, Nothing, NetworkDynamics.AntiSymmetric{typeof(GridSim._branch_current!)}, NetworkDynamics.PureFeedForward, Static.StaticInt{0}, Static.StaticInt{2}, @NamedTuple{src::Static.StaticInt{2}, dst::Static.StaticInt{2}}, @NamedTuple{src::Static.StaticInt{2}, dst::Static.StaticInt{2}}, Static.StaticInt{0}, Vector{Int64}}}, NetworkDynamics.SequentialAggregator{typeof(+)}}, Tuple{NetworkDynamics.ComponentBatch{NetworkDynamics.VertexModel, typeof(GridSim._detailed_machine_bus!), NetworkDynamics.StateMask{2, UnitRange{Int64}}, NetworkDynamics.PureStateMap, Static.StaticInt{8}, Static.StaticInt{27}, Static.StaticInt{2}, Static.StaticInt{2}, Static.StaticInt{0}, Vector{Int64}}}, LinearAlgebra.Diagonal{Float64, Vector{Float64}}, PreallocationTools.DiffCache{Vector{Float64}, Vector{Float64}}, NetworkDynamics.EagerGBufProvider{Vector{Int64}, PreallocationTools.DiffCache{Vector{Float64}, Vector{Float64}}}, Nothing, Nothing}, Nothing, Nothing}, Vector{Float64}, Vector{Float64}}, Vector{Float64}, ADTypes.AutoForwardDiff{1, ForwardDiff.Tag{DiffEqBase.OrdinaryDiffEqTag, Float64}}, Float64, Tuple{}}, Float64, ForwardDiff.DerivativeConfig{ForwardDiff.Tag{DiffEqBase.OrdinaryDiffEqTag, Float64}, Vector{ForwardDiff.Dual{ForwardDiff.Tag{DiffEqBase.OrdinaryDiffEqTag, Float64}, Float64, 1}}}, Tuple{}}}, Float64, OrdinaryDiffEqRosenbrock.Rodas5P{ADTypes.AutoForwardDiff{1, ForwardDiff.Tag{DiffEqBase.OrdinaryDiffEqTag, Float64}}, Nothing, typeof(OrdinaryDiffEqCore.trivial_limiter!), typeof(OrdinaryDiffEqCore.trivial_limiter!), Nothing}, typeof(OrdinaryDiffEqCore.trivial_limiter!), typeof(OrdinaryDiffEqCore.trivial_limiter!), OrdinaryDiffEqRosenbrock.JacReuseState{Float64, Matrix{Float64}, Vector{Float64}, Matrix{Float64}}}, OrdinaryDiffEqCore.DEOptions{Float64, Float64, Float64, Float64, typeof(DiffEqBase.ODE_DEFAULT_NORM), typeof(LinearAlgebra.opnorm), Nothing, SciMLBase.CallbackSet{Vector{Any}, Vector{Any}}, typeof(DiffEqBase.ODE_DEFAULT_ISOUTOFDOMAIN), typeof(DiffEqBase.ODE_DEFAULT_PROG_MESSAGE), typeof(DiffEqBase.ODE_DEFAULT_UNSTABLE_CHECK), BinaryHeaps.BinaryHeap{Float64, BinaryHeaps.FasterForward}, BinaryHeaps.BinaryHeap{Float64, BinaryHeaps.FasterForward}, Nothing, Nothing, Int64, Tuple{}, Tuple{}, Tuple{}, DiffEqBase.DEVerbosity{true, SciMLLogging.Minimal, SciMLLogging.Minimal}, Nothing, typeof(OrdinaryDiffEqCore.trivial_limiter!), typeof(OrdinaryDiffEqCore.trivial_limiter!)}, Vector{Float64}, Float64, Union{Nothing, DiffEqBase.CallbackCache{Vector{Float64}, Vector{Float64}}}, DiffEqBase.BrownFullBasicInit{Float64, Nothing}, BitVector, OrdinaryDiffEqCore.PIControllerCache{Float64, Float64, SciMLBase.IntervalNonlinearProblem{false, Vector{Float64}, SciMLBase.NullParameters, SciMLBase.IntervalNonlinearFunction{false, SciMLBase.AutoSpecialize, FunctionWrappers.FunctionWrapper{Float64, Tuple{Float64, SciMLBase.NullParameters}}, Nothing, typeof(SciMLBase.DEFAULT_OBSERVED_NO_TIME), Nothing, Nothing}, Base.Pairs{Symbol, Union{}, Nothing, @NamedTuple{}}, SciMLBase.StandardNonlinearProblem}}, Random.TaskLocalRNG, Nothing, Nothing, Nothing, Nothing, Nothing, Nothing}, GridSim.TrajectoryRecorder{(:t, :δ_G1, :δ_G2, :δ_G3, :ω_G1, :ω_G2, :ω_G3, :E′q_G1, :E′q_G2, :E′q_G3, :E′d_G1, :E′d_G2, :E′d_G3, :Efd_G1, :Efd_G2, :Efd_G3, :V_B1, :V_B2, :V_B3, :δ_coi, :f_coi), 21}}) at detailed.jl:1702
└ @ Core W:\Claude_projects\GridSim\src\engines\detailed.jl:1702
Test Summary:    | Pass  Total     Time
GridSim scaffold | 3602   3602  3m23.0s
     Testing GridSim tests passed 
exit 0
